policy,target_a,a,miss,miss_D5,eps_at_a,lat_p99,lat_max,max_closed_run,param
periodic,0.25,0.2502,0.3499,0.0,0.3577,3.0,3,3,4.0
periodic,0.4,0.3336,0.2914,0.0,0.2888,2.0,2,2,3.0
periodic,0.6,0.5001,0.1761,0.0,0.1795,1.0,1,1,2.0
periodic,0.8,1.0,0.0,0.0,0.0,0.0,0,0,1.0
random,0.25,0.2511,0.4126,0.0539,0.357,10.199999999999818,19,38,0.2509
random,0.4,0.4003,0.3003,0.0164,0.245,6.0,10,22,0.4007
random,0.6,0.5992,0.1683,0.0014,0.1439,3.0,7,12,0.5996
random,0.8,0.8007,0.0706,0.0,0.0715,2.0,4,8,0.8
gate_only,0.25,0.2487,0.4603,0.3288,0.3591,79.0,487,4000,0.7791
gate_only,0.4,0.4004,0.3361,0.2285,0.2449,44.36000000000013,486,4000,0.7637
gate_only,0.6,0.6001,0.2138,0.1385,0.1436,8.0,555,3967,0.5976
gate_only,0.8,0.8002,0.0889,0.0437,0.0717,1.0,309,866,0.2472
gate_refresh,0.25,0.2494,0.345,0.0,0.3584,4.0,4,4,0.7886
gate_refresh,0.4,0.3992,0.2362,0.0,0.2457,4.0,4,4,0.7781
gate_refresh,0.6,0.5999,0.1433,0.0,0.1436,4.0,4,4,0.7254
gate_refresh,0.8,0.8001,0.0628,0.0,0.0718,3.0,4,4,0.3026
glimpse,0.25,0.2505,0.5443,0.3295,0.3574,43.0,240,724,0.0128
glimpse,0.4,0.4014,0.345,0.1187,0.2443,10.0,225,492,0.0057
glimpse,0.6,0.6008,0.1767,0.0375,0.1433,5.0,225,492,0.0018
glimpse,0.8,0.7811,0.0778,0.0286,0.0786,2.0,225,492,0.0004
reducto,0.25,0.2499,0.4737,0.1855,0.358,29.940000000000055,113,461,0.2131
reducto,0.4,0.4,0.3294,0.0723,0.2452,10.110000000000127,75,461,0.3762
reducto,0.6,0.5999,0.1856,0.0171,0.1436,5.0,47,461,0.6082
reducto,0.8,0.8001,0.0706,0.0048,0.0718,2.0,11,461,0.8477
framehopper,0.25,0.25,0.376,0.0082,0.3579,6.0,7,7,6.7578
framehopper,0.4,0.4,0.2572,0.0,0.2452,3.0,3,3,3.3984
framehopper,0.6,0.6012,0.1414,0.0,0.1432,2.0,2,2,1.5391
framehopper,0.8,0.7965,0.0646,0.0,0.0731,1.0,1,1,0.6953
