t_rel_s,phase,mv,ma,watt,temp_max_c
0.000,warmup,4984.0,1072.0,5.3428,59.22
0.100,warmup,4984.0,1056.0,5.2631,59.22
0.200,warmup,4984.0,1024.0,5.1036,59.19
0.300,warmup,4984.0,1000.0,4.9840,59.25
0.401,warmup,4984.0,976.0,4.8644,59.16
0.501,warmup,4992.0,960.0,4.7923,59.19
0.601,warmup,4992.0,944.0,4.7124,59.41
0.701,warmup,4992.0,936.0,4.6725,59.34
0.801,warmup,4992.0,928.0,4.6326,59.34
0.901,warmup,4992.0,920.0,4.5926,59.31
1.001,warmup,4992.0,912.0,4.5527,59.22
1.101,warmup,4992.0,912.0,4.5527,59.25
1.201,warmup,4992.0,904.0,4.5128,59.12
1.302,warmup,4992.0,904.0,4.5128,59.16
1.402,warmup,4992.0,904.0,4.5128,59.12
1.502,warmup,4992.0,896.0,4.4728,59.38
1.602,warmup,4992.0,896.0,4.4728,59.19
1.702,warmup,4992.0,896.0,4.4728,59.25
1.802,warmup,4992.0,896.0,4.4728,59.28
1.902,warmup,4992.0,896.0,4.4728,59.22
2.002,warmup,4992.0,896.0,4.4728,59.09
2.103,warmup,4992.0,896.0,4.4728,59.06
2.203,warmup,4992.0,888.0,4.4329,59.06
2.303,warmup,4992.0,896.0,4.4728,59.09
2.403,warmup,4992.0,896.0,4.4728,59.34
2.503,warmup,4992.0,896.0,4.4728,59.34
2.603,warmup,4992.0,888.0,4.4329,59.28
2.703,warmup,4992.0,896.0,4.4728,59.22
2.803,warmup,4992.0,896.0,4.4728,59.25
2.904,warmup,4992.0,896.0,4.4728,59.22
3.004,warmup,4992.0,896.0,4.4728,59.06
3.104,warmup,4992.0,896.0,4.4728,59.19
3.204,warmup,4992.0,896.0,4.4728,59.09
3.305,warmup,4992.0,896.0,4.4728,59.12
3.405,warmup,4992.0,896.0,4.4728,59.38
3.505,warmup,4992.0,896.0,4.4728,59.31
3.606,warmup,4992.0,896.0,4.4728,59.28
3.706,warmup,4992.0,896.0,4.4728,59.19
3.806,warmup,4992.0,896.0,4.4728,59.19
3.906,warmup,4992.0,896.0,4.4728,59.22
4.007,warmup,4992.0,888.0,4.4329,59.09
4.107,warmup,4992.0,888.0,4.4329,59.03
4.207,warmup,4992.0,888.0,4.4329,59.09
4.307,warmup,4992.0,896.0,4.4728,59.34
4.408,warmup,4992.0,896.0,4.4728,59.28
4.508,warmup,4992.0,896.0,4.4728,59.31
4.608,warmup,4992.0,896.0,4.4728,59.31
4.708,warmup,4992.0,896.0,4.4728,59.22
4.809,warmup,4992.0,896.0,4.4728,59.12
4.909,warmup,4992.0,896.0,4.4728,59.09
5.009,warmup,4992.0,896.0,4.4728,59.09
5.109,warmup,4992.0,888.0,4.4329,59.12
5.210,warmup,4992.0,888.0,4.4329,59.12
5.310,warmup,4992.0,888.0,4.4329,59.31
5.410,warmup,4992.0,896.0,4.4728,59.31
5.510,warmup,4992.0,896.0,4.4728,59.25
5.610,warmup,4992.0,896.0,4.4728,59.16
5.710,warmup,4992.0,896.0,4.4728,59.16
5.811,warmup,4992.0,896.0,4.4728,59.06
5.911,warmup,4992.0,896.0,4.4728,59.06
6.011,warmup,4992.0,896.0,4.4728,59.03
6.111,warmup,4992.0,896.0,4.4728,59.09
6.211,warmup,4992.0,896.0,4.4728,59.09
6.311,warmup,4992.0,896.0,4.4728,59.31
6.411,warmup,4992.0,896.0,4.4728,59.25
6.511,warmup,4992.0,896.0,4.4728,59.22
6.612,warmup,4992.0,896.0,4.4728,59.19
6.712,warmup,4992.0,896.0,4.4728,59.09
6.812,warmup,4992.0,896.0,4.4728,59.09
6.912,warmup,4992.0,896.0,4.4728,59.06
7.012,warmup,4992.0,896.0,4.4728,59.09
7.112,warmup,4992.0,896.0,4.4728,59.06
7.213,warmup,4992.0,896.0,4.4728,59.28
7.313,warmup,4992.0,896.0,4.4728,59.34
7.413,warmup,4992.0,896.0,4.4728,59.09
7.513,warmup,4992.0,896.0,4.4728,59.19
7.614,warmup,4992.0,888.0,4.4329,59.16
7.714,warmup,4992.0,888.0,4.4329,59.22
7.814,warmup,4992.0,888.0,4.4329,59.06
7.915,warmup,4992.0,888.0,4.4329,59.06
8.015,warmup,4992.0,888.0,4.4329,58.97
8.115,warmup,4992.0,888.0,4.4329,58.97
8.216,warmup,4992.0,888.0,4.4329,59.28
8.316,warmup,4992.0,888.0,4.4329,59.28
8.416,warmup,4992.0,896.0,4.4728,59.12
8.516,warmup,4992.0,888.0,4.4329,59.06
8.616,warmup,4992.0,888.0,4.4329,59.16
8.716,warmup,4992.0,888.0,4.4329,59.16
8.817,warmup,4992.0,888.0,4.4329,59.09
8.917,warmup,4992.0,888.0,4.4329,59.03
9.017,warmup,4992.0,888.0,4.4329,59.09
9.117,warmup,4992.0,888.0,4.4329,59.34
9.217,warmup,4992.0,888.0,4.4329,59.19
9.317,warmup,4992.0,888.0,4.4329,59.22
9.417,warmup,4992.0,896.0,4.4728,59.19
9.518,warmup,4992.0,896.0,4.4728,59.16
9.618,warmup,4992.0,896.0,4.4728,59.12
9.718,warmup,4992.0,904.0,4.5128,59.00
9.818,warmup,4992.0,896.0,4.4728,59.12
9.918,warmup,4992.0,896.0,4.4728,59.03
10.019,warmup,4992.0,896.0,4.4728,59.22
10.119,warmup,4992.0,896.0,4.4728,59.31
10.219,warmup,4992.0,896.0,4.4728,59.22
10.319,measure,4992.0,896.0,4.4728,59.09
10.420,measure,4992.0,896.0,4.4728,59.12
10.520,measure,4992.0,896.0,4.4728,59.09
10.620,measure,4992.0,896.0,4.4728,59.03
10.720,measure,4992.0,896.0,4.4728,59.00
10.820,measure,4992.0,896.0,4.4728,59.00
10.920,measure,4992.0,896.0,4.4728,59.25
11.020,measure,4992.0,896.0,4.4728,59.22
11.120,measure,4992.0,896.0,4.4728,59.19
11.221,measure,4992.0,896.0,4.4728,59.06
11.321,measure,4992.0,896.0,4.4728,59.12
11.421,measure,4992.0,888.0,4.4329,59.03
11.521,measure,4992.0,896.0,4.4728,59.03
11.621,measure,4992.0,896.0,4.4728,59.09
11.721,measure,4992.0,896.0,4.4728,59.00
11.821,measure,4992.0,896.0,4.4728,59.31
11.921,measure,4992.0,896.0,4.4728,59.28
12.022,measure,4992.0,888.0,4.4329,59.25
12.122,measure,4992.0,888.0,4.4329,59.12
12.223,measure,4992.0,888.0,4.4329,59.12
12.323,measure,4992.0,888.0,4.4329,59.06
12.423,measure,4992.0,888.0,4.4329,59.06
12.523,measure,4992.0,896.0,4.4728,59.03
12.624,measure,4992.0,896.0,4.4728,59.03
12.724,measure,4992.0,888.0,4.4329,59.03
12.824,measure,4992.0,888.0,4.4329,58.97
12.924,measure,4992.0,888.0,4.4329,59.22
13.025,measure,4992.0,888.0,4.4329,59.19
13.125,measure,4992.0,888.0,4.4329,59.09
13.225,measure,4992.0,888.0,4.4329,59.09
13.326,measure,4992.0,888.0,4.4329,59.12
13.426,measure,4992.0,888.0,4.4329,58.97
13.526,measure,4992.0,888.0,4.4329,59.03
13.626,measure,4992.0,888.0,4.4329,58.94
13.727,measure,4992.0,888.0,4.4329,58.94
13.827,measure,4992.0,888.0,4.4329,59.00
13.927,measure,4992.0,888.0,4.4329,59.19
14.027,measure,4992.0,888.0,4.4329,59.16
14.128,measure,4992.0,888.0,4.4329,59.19
14.228,measure,4992.0,888.0,4.4329,59.03
14.328,measure,4992.0,888.0,4.4329,59.03
14.429,measure,4992.0,888.0,4.4329,58.97
14.529,measure,4992.0,888.0,4.4329,58.94
14.629,measure,4992.0,896.0,4.4728,59.00
14.729,measure,4992.0,896.0,4.4728,59.00
14.830,measure,4992.0,896.0,4.4728,58.97
14.930,measure,4992.0,888.0,4.4329,59.19
15.030,measure,4992.0,888.0,4.4329,59.16
15.130,measure,4992.0,888.0,4.4329,59.12
15.230,measure,4992.0,888.0,4.4329,59.00
15.331,measure,4992.0,888.0,4.4329,59.00
15.431,measure,4992.0,888.0,4.4329,59.03
15.531,measure,4992.0,896.0,4.4728,59.03
15.631,measure,4992.0,896.0,4.4728,58.91
15.732,measure,4992.0,896.0,4.4728,58.94
15.832,measure,4992.0,896.0,4.4728,58.94
15.932,measure,4992.0,896.0,4.4728,59.09
16.032,measure,4992.0,888.0,4.4329,59.19
16.132,measure,4992.0,888.0,4.4329,59.12
16.233,measure,4992.0,888.0,4.4329,59.00
16.333,measure,4992.0,896.0,4.4728,59.03
16.433,measure,4992.0,896.0,4.4728,59.03
16.533,measure,4992.0,896.0,4.4728,59.03
16.633,measure,4992.0,896.0,4.4728,58.97
16.733,measure,4992.0,896.0,4.4728,58.94
16.833,measure,4992.0,896.0,4.4728,59.19
16.934,measure,4992.0,896.0,4.4728,59.12
17.034,measure,4992.0,896.0,4.4728,59.22
17.134,measure,4992.0,896.0,4.4728,59.09
17.234,measure,4992.0,888.0,4.4329,59.03
17.334,measure,4992.0,888.0,4.4329,59.00
17.434,measure,4992.0,888.0,4.4329,58.94
17.535,measure,4992.0,888.0,4.4329,58.94
17.635,measure,4992.0,888.0,4.4329,58.97
17.735,measure,4992.0,888.0,4.4329,59.16
17.836,measure,4992.0,888.0,4.4329,59.16
17.936,measure,4992.0,888.0,4.4329,59.12
18.036,measure,4992.0,888.0,4.4329,59.03
18.136,measure,4992.0,888.0,4.4329,59.00
18.237,measure,4992.0,888.0,4.4329,59.00
18.337,measure,4992.0,888.0,4.4329,59.00
18.437,measure,4992.0,888.0,4.4329,58.94
18.538,measure,4992.0,888.0,4.4329,58.94
18.638,measure,4992.0,888.0,4.4329,59.03
18.738,measure,4992.0,888.0,4.4329,59.09
18.838,measure,4992.0,888.0,4.4329,59.06
18.938,measure,4992.0,888.0,4.4329,59.19
19.038,measure,4992.0,888.0,4.4329,58.94
19.139,measure,4992.0,888.0,4.4329,59.03
19.239,measure,4992.0,888.0,4.4329,58.94
19.339,measure,4992.0,888.0,4.4329,58.94
19.439,measure,4992.0,888.0,4.4329,58.94
19.539,measure,4992.0,888.0,4.4329,58.94
19.639,measure,4992.0,888.0,4.4329,58.94
19.740,measure,4992.0,888.0,4.4329,59.06
19.840,measure,4992.0,888.0,4.4329,59.03
19.940,measure,4992.0,888.0,4.4329,59.06
20.040,measure,4992.0,888.0,4.4329,59.03
20.140,measure,4992.0,888.0,4.4329,59.03
20.240,measure,4992.0,888.0,4.4329,58.94
20.340,measure,4992.0,888.0,4.4329,58.94
20.441,measure,4992.0,888.0,4.4329,58.84
20.541,measure,4992.0,888.0,4.4329,58.97
20.641,measure,4992.0,888.0,4.4329,59.09
20.741,measure,4992.0,896.0,4.4728,59.00
20.841,measure,4992.0,896.0,4.4728,58.97
20.941,measure,4992.0,896.0,4.4728,59.00
21.042,measure,4992.0,896.0,4.4728,58.97
21.142,measure,4992.0,896.0,4.4728,58.94
21.242,measure,4992.0,896.0,4.4728,58.88
21.342,measure,4992.0,888.0,4.4329,58.91
21.442,measure,4992.0,888.0,4.4329,58.94
21.543,measure,4992.0,888.0,4.4329,59.06
21.643,measure,4992.0,888.0,4.4329,59.06
21.743,measure,4992.0,896.0,4.4728,59.06
21.843,measure,4992.0,896.0,4.4728,58.97
21.944,measure,4992.0,896.0,4.4728,58.94
22.044,measure,4992.0,896.0,4.4728,58.94
22.144,measure,4992.0,896.0,4.4728,58.94
22.244,measure,4992.0,888.0,4.4329,58.97
22.345,measure,4992.0,888.0,4.4329,58.94
22.445,measure,4992.0,888.0,4.4329,58.94
22.545,measure,4992.0,888.0,4.4329,58.88
22.646,measure,4992.0,888.0,4.4329,59.06
22.746,measure,4992.0,896.0,4.4728,59.06
22.846,measure,4992.0,896.0,4.4728,59.00
22.946,measure,4992.0,896.0,4.4728,58.97
23.046,measure,4992.0,896.0,4.4728,58.94
23.147,measure,4992.0,896.0,4.4728,58.91
23.247,measure,4992.0,896.0,4.4728,58.94
23.347,measure,4992.0,888.0,4.4329,58.88
23.448,measure,4992.0,888.0,4.4329,58.94
23.548,measure,4992.0,888.0,4.4329,59.16
23.648,measure,4992.0,888.0,4.4329,59.12
23.748,measure,4992.0,896.0,4.4728,59.03
23.848,measure,4992.0,896.0,4.4728,59.00
23.949,measure,4992.0,896.0,4.4728,58.97
24.049,measure,4992.0,896.0,4.4728,58.84
24.149,measure,4992.0,896.0,4.4728,58.94
24.249,measure,4992.0,896.0,4.4728,58.94
24.349,measure,4992.0,896.0,4.4728,58.94
24.449,measure,4992.0,896.0,4.4728,58.94
24.549,measure,4992.0,896.0,4.4728,59.06
24.650,measure,4992.0,888.0,4.4329,59.00
24.750,measure,4992.0,896.0,4.4728,58.97
24.850,measure,4992.0,896.0,4.4728,58.94
24.950,measure,4992.0,896.0,4.4728,58.94
25.050,measure,4992.0,896.0,4.4728,58.94
25.150,measure,4992.0,896.0,4.4728,58.94
25.250,measure,4992.0,888.0,4.4329,58.94
25.351,measure,4992.0,888.0,4.4329,58.91
25.451,measure,4992.0,888.0,4.4329,59.16
25.551,measure,4992.0,888.0,4.4329,59.03
25.652,measure,4992.0,888.0,4.4329,58.97
25.752,measure,4992.0,888.0,4.4329,58.94
25.852,measure,4992.0,888.0,4.4329,58.91
25.952,measure,4992.0,896.0,4.4728,58.94
26.052,measure,4992.0,896.0,4.4728,58.94
26.153,measure,4992.0,896.0,4.4728,58.88
26.253,measure,4992.0,888.0,4.4329,58.84
26.353,measure,4992.0,888.0,4.4329,59.25
26.453,measure,4992.0,888.0,4.4329,59.06
26.554,measure,4992.0,888.0,4.4329,58.94
26.654,measure,4992.0,888.0,4.4329,58.94
26.754,measure,4992.0,888.0,4.4329,58.94
26.855,measure,4992.0,888.0,4.4329,58.84
26.955,measure,4992.0,888.0,4.4329,58.94
27.055,measure,4992.0,896.0,4.4728,58.91
27.155,measure,4992.0,888.0,4.4329,58.94
27.255,measure,4992.0,888.0,4.4329,58.91
27.356,measure,4992.0,888.0,4.4329,59.03
27.456,measure,4992.0,888.0,4.4329,59.09
27.556,measure,4992.0,888.0,4.4329,58.94
27.657,measure,4992.0,888.0,4.4329,58.94
27.757,measure,4992.0,888.0,4.4329,58.94
27.857,measure,4992.0,888.0,4.4329,58.94
27.957,measure,4992.0,888.0,4.4329,58.94
28.057,measure,4992.0,888.0,4.4329,58.88
28.158,measure,4992.0,888.0,4.4329,58.84
28.258,measure,4992.0,888.0,4.4329,59.09
28.358,measure,4992.0,888.0,4.4329,59.12
28.459,measure,4992.0,888.0,4.4329,59.06
28.559,measure,4992.0,888.0,4.4329,58.94
28.659,measure,4992.0,888.0,4.4329,58.97
28.759,measure,4992.0,888.0,4.4329,58.88
28.860,measure,4992.0,888.0,4.4329,58.91
28.960,measure,4992.0,888.0,4.4329,58.94
29.060,measure,4992.0,888.0,4.4329,58.88
29.160,measure,4992.0,888.0,4.4329,58.84
29.260,measure,4992.0,888.0,4.4329,59.12
29.360,measure,4992.0,888.0,4.4329,59.12
29.460,measure,4992.0,888.0,4.4329,58.97
29.560,measure,4992.0,888.0,4.4329,58.94
29.661,measure,4992.0,888.0,4.4329,58.94
29.761,measure,4992.0,888.0,4.4329,58.94
29.861,measure,4992.0,888.0,4.4329,58.88
29.961,measure,4992.0,896.0,4.4728,58.81
30.061,measure,4992.0,888.0,4.4329,58.84
30.161,measure,4992.0,888.0,4.4329,59.09
30.261,measure,4992.0,888.0,4.4329,59.03
30.361,measure,4992.0,888.0,4.4329,58.97
30.462,measure,4992.0,888.0,4.4329,58.97
30.562,measure,4992.0,888.0,4.4329,58.94
30.662,measure,4992.0,888.0,4.4329,58.88
30.762,measure,4992.0,888.0,4.4329,58.81
30.862,measure,4992.0,888.0,4.4329,58.88
30.962,measure,4992.0,896.0,4.4728,58.78
31.062,measure,4992.0,888.0,4.4329,59.06
31.162,measure,4992.0,888.0,4.4329,59.12
31.263,measure,4992.0,888.0,4.4329,58.97
31.363,measure,4992.0,888.0,4.4329,58.94
31.463,measure,4992.0,888.0,4.4329,58.94
31.563,measure,4992.0,888.0,4.4329,58.91
31.663,measure,4992.0,888.0,4.4329,58.88
31.763,measure,4992.0,888.0,4.4329,58.84
31.864,measure,4992.0,888.0,4.4329,58.88
31.964,measure,4992.0,896.0,4.4728,58.78
32.064,measure,4992.0,896.0,4.4728,59.06
32.164,measure,4992.0,896.0,4.4728,59.06
32.264,measure,4992.0,896.0,4.4728,58.88
32.364,measure,4992.0,896.0,4.4728,58.88
32.465,measure,4992.0,896.0,4.4728,58.84
32.565,measure,4992.0,888.0,4.4329,58.88
32.665,measure,4992.0,888.0,4.4329,58.78
32.765,measure,4992.0,888.0,4.4329,58.84
32.865,measure,4992.0,888.0,4.4329,58.84
32.965,measure,4992.0,888.0,4.4329,59.00
33.066,measure,4992.0,888.0,4.4329,59.12
33.166,measure,4992.0,888.0,4.4329,59.00
33.266,measure,4992.0,888.0,4.4329,58.97
33.367,measure,4992.0,888.0,4.4329,58.94
33.467,measure,4992.0,888.0,4.4329,58.88
33.567,measure,4992.0,888.0,4.4329,58.91
33.668,measure,4992.0,888.0,4.4329,58.91
33.768,measure,4992.0,888.0,4.4329,58.88
33.868,measure,4992.0,888.0,4.4329,58.78
33.968,measure,4992.0,888.0,4.4329,59.06
34.068,measure,4992.0,896.0,4.4728,59.06
34.169,measure,4992.0,896.0,4.4728,58.97
34.269,measure,4992.0,896.0,4.4728,58.94
34.369,measure,4992.0,888.0,4.4329,58.91
34.470,measure,4992.0,888.0,4.4329,58.91
34.570,measure,4992.0,888.0,4.4329,58.84
34.670,measure,4992.0,888.0,4.4329,58.81
34.770,measure,4992.0,888.0,4.4329,58.78
34.871,measure,4992.0,888.0,4.4329,59.06
34.971,measure,4992.0,888.0,4.4329,59.03
35.071,measure,4992.0,888.0,4.4329,59.03
35.171,measure,4992.0,888.0,4.4329,58.97
35.271,measure,4992.0,888.0,4.4329,58.91
35.371,measure,4992.0,888.0,4.4329,58.88
35.472,measure,4992.0,888.0,4.4329,58.81
35.572,measure,4992.0,888.0,4.4329,58.91
35.672,measure,4992.0,888.0,4.4329,58.84
35.772,measure,4992.0,888.0,4.4329,58.84
35.872,measure,4992.0,888.0,4.4329,59.03
35.973,measure,4992.0,888.0,4.4329,59.00
36.073,measure,4992.0,896.0,4.4728,58.94
36.173,measure,4992.0,896.0,4.4728,58.94
36.273,measure,4992.0,888.0,4.4329,58.88
36.374,measure,4992.0,888.0,4.4329,58.88
36.474,measure,4992.0,888.0,4.4329,58.88
36.574,measure,4992.0,888.0,4.4329,58.91
36.675,measure,4992.0,888.0,4.4329,58.78
36.775,measure,4992.0,888.0,4.4329,58.84
36.875,measure,4992.0,888.0,4.4329,59.00
36.975,measure,4992.0,888.0,4.4329,58.94
37.076,measure,4992.0,888.0,4.4329,58.94
37.176,measure,4992.0,888.0,4.4329,58.94
37.276,measure,4992.0,888.0,4.4329,58.81
37.377,measure,4992.0,888.0,4.4329,58.88
37.477,measure,4992.0,888.0,4.4329,58.81
37.577,measure,4992.0,888.0,4.4329,58.91
37.677,measure,4992.0,888.0,4.4329,58.81
37.778,measure,4992.0,888.0,4.4329,58.81
37.878,measure,4992.0,888.0,4.4329,58.78
37.978,measure,4992.0,888.0,4.4329,58.94
38.078,measure,4992.0,888.0,4.4329,58.94
38.178,measure,4992.0,896.0,4.4728,58.94
38.278,measure,4992.0,896.0,4.4728,58.91
38.378,measure,4992.0,896.0,4.4728,58.84
38.478,measure,4992.0,896.0,4.4728,58.84
38.579,measure,4992.0,896.0,4.4728,58.84
38.679,measure,4992.0,896.0,4.4728,58.81
38.779,measure,4992.0,888.0,4.4329,58.84
38.879,measure,4992.0,888.0,4.4329,58.94
38.979,measure,4992.0,888.0,4.4329,58.94
39.079,measure,4992.0,888.0,4.4329,58.88
39.180,measure,4992.0,896.0,4.4728,58.88
39.280,measure,4992.0,888.0,4.4329,58.88
39.380,measure,4992.0,888.0,4.4329,58.88
39.480,measure,4992.0,888.0,4.4329,58.81
39.580,measure,4992.0,888.0,4.4329,58.88
39.680,measure,4992.0,888.0,4.4329,58.78
39.780,measure,4992.0,888.0,4.4329,59.03
39.880,measure,4992.0,888.0,4.4329,59.03
39.981,measure,4992.0,888.0,4.4329,58.88
40.081,measure,4992.0,888.0,4.4329,58.94
40.181,measure,4992.0,896.0,4.4728,58.78
40.281,measure,4992.0,896.0,4.4728,58.84
40.381,measure,4992.0,896.0,4.4728,58.78
40.481,measure,4992.0,888.0,4.4329,58.75
40.581,measure,4992.0,888.0,4.4329,58.84
40.681,measure,4992.0,888.0,4.4329,59.03
40.782,measure,4992.0,888.0,4.4329,58.94
40.882,measure,4992.0,888.0,4.4329,58.84
40.982,measure,4992.0,888.0,4.4329,58.94
41.082,measure,4992.0,888.0,4.4329,58.81
41.182,measure,4992.0,888.0,4.4329,58.75
41.282,measure,4992.0,888.0,4.4329,58.72
41.382,measure,4992.0,888.0,4.4329,58.78
41.482,measure,4992.0,888.0,4.4329,59.00
41.582,measure,4992.0,888.0,4.4329,58.91
41.683,measure,4992.0,888.0,4.4329,58.88
41.783,measure,4992.0,888.0,4.4329,58.97
41.883,measure,4992.0,888.0,4.4329,58.81
41.983,measure,4992.0,888.0,4.4329,58.78
42.083,measure,4992.0,888.0,4.4329,58.75
42.183,measure,4992.0,888.0,4.4329,58.78
42.283,measure,4992.0,888.0,4.4329,58.81
42.383,measure,4992.0,888.0,4.4329,59.03
42.484,measure,4992.0,888.0,4.4329,58.94
42.584,measure,4992.0,888.0,4.4329,58.94
42.684,measure,4992.0,888.0,4.4329,58.94
42.784,measure,4992.0,888.0,4.4329,58.84
42.884,measure,4992.0,888.0,4.4329,58.84
42.984,measure,4992.0,888.0,4.4329,58.75
43.084,measure,4992.0,888.0,4.4329,58.72
43.184,measure,4992.0,888.0,4.4329,58.75
43.285,measure,4992.0,888.0,4.4329,58.75
43.385,measure,4992.0,888.0,4.4329,59.00
43.485,measure,4992.0,888.0,4.4329,58.88
43.585,measure,4992.0,888.0,4.4329,58.88
43.685,measure,4992.0,888.0,4.4329,58.84
43.785,measure,4992.0,888.0,4.4329,58.88
43.885,measure,4992.0,888.0,4.4329,58.81
43.985,measure,4992.0,888.0,4.4329,58.75
44.085,measure,4992.0,888.0,4.4329,58.75
44.186,measure,4992.0,888.0,4.4329,58.72
44.286,measure,4992.0,888.0,4.4329,59.00
44.386,measure,4992.0,888.0,4.4329,58.88
44.486,measure,4992.0,888.0,4.4329,58.91
44.586,measure,4992.0,888.0,4.4329,58.78
44.686,measure,4992.0,888.0,4.4329,58.78
44.786,measure,4992.0,888.0,4.4329,58.78
44.886,measure,4992.0,888.0,4.4329,58.62
44.987,measure,4992.0,888.0,4.4329,58.72
45.087,measure,4992.0,888.0,4.4329,58.78
45.187,measure,4992.0,888.0,4.4329,58.94
45.287,measure,4992.0,888.0,4.4329,58.91
45.388,measure,4992.0,888.0,4.4329,58.88
45.488,measure,4992.0,888.0,4.4329,58.81
45.588,measure,4992.0,888.0,4.4329,58.78
45.689,measure,4992.0,888.0,4.4329,58.72
45.789,measure,4992.0,888.0,4.4329,58.84
45.889,measure,4992.0,888.0,4.4329,58.78
45.989,measure,4992.0,888.0,4.4329,58.75
46.089,measure,4992.0,888.0,4.4329,58.72
46.189,measure,4992.0,888.0,4.4329,58.94
46.290,measure,4992.0,888.0,4.4329,58.88
46.390,measure,4992.0,888.0,4.4329,58.91
46.490,measure,4992.0,888.0,4.4329,58.81
46.590,measure,4992.0,888.0,4.4329,58.84
46.691,measure,4992.0,888.0,4.4329,58.78
46.791,measure,4992.0,888.0,4.4329,58.72
46.891,measure,4992.0,888.0,4.4329,58.66
46.991,measure,4992.0,888.0,4.4329,58.69
47.091,measure,4992.0,888.0,4.4329,58.94
47.192,measure,4992.0,888.0,4.4329,58.91
47.292,measure,4992.0,888.0,4.4329,58.75
47.392,measure,4992.0,888.0,4.4329,58.84
47.492,measure,4992.0,888.0,4.4329,58.78
47.592,measure,4992.0,888.0,4.4329,58.75
47.692,measure,4992.0,888.0,4.4329,58.72
47.792,measure,4992.0,888.0,4.4329,58.75
47.893,measure,4992.0,888.0,4.4329,58.72
47.993,measure,4992.0,888.0,4.4329,58.69
48.093,measure,4992.0,888.0,4.4329,58.94
48.193,measure,4992.0,888.0,4.4329,58.81
48.293,measure,4992.0,888.0,4.4329,58.88
48.393,measure,4992.0,888.0,4.4329,58.75
48.494,measure,4992.0,888.0,4.4329,58.78
48.594,measure,4992.0,888.0,4.4329,58.78
48.694,measure,4992.0,888.0,4.4329,58.72
48.794,measure,4992.0,888.0,4.4329,58.72
48.895,measure,4992.0,888.0,4.4329,58.75
48.995,measure,4992.0,888.0,4.4329,58.91
49.095,measure,4992.0,888.0,4.4329,58.91
49.195,measure,4992.0,888.0,4.4329,58.78
49.295,measure,4992.0,888.0,4.4329,58.84
49.395,measure,4992.0,888.0,4.4329,58.88
49.496,measure,4992.0,888.0,4.4329,58.75
49.596,measure,4992.0,888.0,4.4329,58.75
49.696,measure,4992.0,888.0,4.4329,58.78
49.796,measure,4992.0,888.0,4.4329,58.69
49.897,measure,4992.0,888.0,4.4329,58.94
49.997,measure,4992.0,888.0,4.4329,58.88
50.097,measure,4992.0,888.0,4.4329,58.81
50.197,measure,4992.0,888.0,4.4329,58.81
50.298,measure,4992.0,888.0,4.4329,58.81
50.398,measure,4992.0,888.0,4.4329,58.75
50.498,measure,4992.0,888.0,4.4329,58.72
50.599,measure,4992.0,888.0,4.4329,58.72
50.699,measure,4992.0,888.0,4.4329,58.69
50.799,measure,4992.0,888.0,4.4329,58.66
50.899,measure,4992.0,888.0,4.4329,58.94
50.999,measure,4992.0,888.0,4.4329,58.97
51.099,measure,4992.0,888.0,4.4329,58.78
51.199,measure,4992.0,888.0,4.4329,58.78
51.300,measure,4992.0,888.0,4.4329,58.72
51.400,measure,4992.0,888.0,4.4329,58.72
51.500,measure,4992.0,888.0,4.4329,58.69
51.600,measure,4992.0,888.0,4.4329,58.69
51.700,measure,4992.0,896.0,4.4728,58.69
51.801,measure,4992.0,896.0,4.4728,59.00
51.901,measure,4992.0,888.0,4.4329,58.94
52.001,measure,4992.0,888.0,4.4329,58.81
52.101,measure,4992.0,888.0,4.4329,58.81
52.201,measure,4992.0,888.0,4.4329,58.72
52.301,measure,4992.0,888.0,4.4329,58.75
52.401,measure,4992.0,888.0,4.4329,58.72
52.502,measure,4992.0,888.0,4.4329,58.69
52.602,measure,4992.0,888.0,4.4329,58.72
52.702,measure,4992.0,888.0,4.4329,58.66
52.802,measure,4992.0,888.0,4.4329,58.91
52.902,measure,4992.0,888.0,4.4329,58.81
53.002,measure,4992.0,888.0,4.4329,58.81
53.103,measure,4992.0,888.0,4.4329,58.84
53.203,measure,4992.0,888.0,4.4329,58.75
53.303,measure,4992.0,888.0,4.4329,58.69
53.403,measure,4992.0,888.0,4.4329,58.66
53.504,measure,4992.0,888.0,4.4329,58.69
53.604,measure,4992.0,888.0,4.4329,58.72
53.704,measure,4992.0,888.0,4.4329,58.84
53.804,measure,4992.0,888.0,4.4329,58.88
53.905,measure,4992.0,888.0,4.4329,58.88
54.005,measure,4992.0,888.0,4.4329,58.72
54.105,measure,4992.0,888.0,4.4329,58.78
54.206,measure,4992.0,888.0,4.4329,58.75
54.306,measure,4992.0,888.0,4.4329,58.72
54.406,measure,4992.0,888.0,4.4329,58.66
54.506,measure,4992.0,888.0,4.4329,58.69
54.607,measure,4992.0,888.0,4.4329,58.91
54.707,measure,4992.0,888.0,4.4329,58.84
54.807,measure,4992.0,888.0,4.4329,58.91
54.907,measure,4992.0,888.0,4.4329,58.72
55.008,measure,4992.0,888.0,4.4329,58.81
55.108,measure,4992.0,888.0,4.4329,58.75
55.208,measure,4992.0,888.0,4.4329,58.72
55.308,measure,4992.0,888.0,4.4329,58.72
55.408,measure,4992.0,888.0,4.4329,58.72
55.508,measure,4992.0,896.0,4.4728,58.62
55.609,measure,4992.0,888.0,4.4329,58.84
55.709,measure,4992.0,888.0,4.4329,58.84
55.809,measure,4992.0,888.0,4.4329,58.88
55.909,measure,4992.0,888.0,4.4329,58.72
56.009,measure,4992.0,888.0,4.4329,58.69
56.109,measure,4992.0,888.0,4.4329,58.72
56.210,measure,4992.0,888.0,4.4329,58.72
56.310,measure,4992.0,888.0,4.4329,58.69
56.410,measure,4992.0,888.0,4.4329,58.72
56.511,measure,4992.0,888.0,4.4329,58.66
56.611,measure,4992.0,888.0,4.4329,58.81
56.711,measure,4992.0,888.0,4.4329,58.88
56.811,measure,4992.0,888.0,4.4329,58.78
56.911,measure,4992.0,888.0,4.4329,58.72
57.011,measure,4992.0,888.0,4.4329,58.78
57.111,measure,4992.0,888.0,4.4329,58.72
57.212,measure,4992.0,888.0,4.4329,58.72
57.312,measure,4992.0,888.0,4.4329,58.72
57.412,measure,4992.0,888.0,4.4329,58.62
57.512,measure,4992.0,888.0,4.4329,58.88
57.612,measure,4992.0,888.0,4.4329,58.84
57.712,measure,4992.0,888.0,4.4329,58.75
57.812,measure,4992.0,888.0,4.4329,58.66
57.912,measure,4992.0,888.0,4.4329,58.69
58.013,measure,4992.0,888.0,4.4329,58.69
58.113,measure,4992.0,888.0,4.4329,58.69
58.213,measure,4992.0,888.0,4.4329,58.62
58.314,measure,4992.0,888.0,4.4329,58.59
58.414,measure,4992.0,888.0,4.4329,58.69
58.514,measure,4992.0,888.0,4.4329,58.88
58.614,measure,4992.0,888.0,4.4329,58.88
58.715,measure,4992.0,888.0,4.4329,58.72
58.815,measure,4992.0,888.0,4.4329,58.75
58.915,measure,4992.0,888.0,4.4329,58.75
59.015,measure,4992.0,888.0,4.4329,58.66
59.116,measure,4992.0,888.0,4.4329,58.66
59.216,measure,4992.0,888.0,4.4329,58.72
59.316,measure,4992.0,888.0,4.4329,58.59
59.417,measure,4992.0,888.0,4.4329,58.59
59.517,measure,4992.0,888.0,4.4329,58.84
59.617,measure,4992.0,888.0,4.4329,58.78
59.717,measure,4992.0,888.0,4.4329,58.66
59.818,measure,4992.0,888.0,4.4329,58.66
59.918,measure,4992.0,888.0,4.4329,58.72
60.018,measure,4992.0,888.0,4.4329,58.69
60.118,measure,4992.0,888.0,4.4329,58.69
60.218,measure,4992.0,888.0,4.4329,58.59
60.319,measure,4992.0,888.0,4.4329,58.53
60.419,measure,4992.0,888.0,4.4329,58.84
60.519,measure,4992.0,888.0,4.4329,58.88
60.619,measure,4992.0,888.0,4.4329,58.81
60.719,measure,4992.0,888.0,4.4329,58.69
60.819,measure,4992.0,896.0,4.4728,58.72
60.920,measure,4992.0,888.0,4.4329,58.66
61.020,measure,4992.0,888.0,4.4329,58.62
61.120,measure,4992.0,888.0,4.4329,58.62
61.220,measure,4992.0,888.0,4.4329,58.69
61.321,measure,4992.0,888.0,4.4329,58.66
61.421,measure,4992.0,888.0,4.4329,58.81
61.521,measure,4992.0,888.0,4.4329,58.88
61.621,measure,4992.0,888.0,4.4329,58.66
61.721,measure,4992.0,888.0,4.4329,58.69
61.821,measure,4992.0,888.0,4.4329,58.72
61.921,measure,4992.0,888.0,4.4329,58.59
62.022,measure,4992.0,888.0,4.4329,58.56
62.122,measure,4992.0,888.0,4.4329,58.66
62.222,measure,4992.0,888.0,4.4329,58.56
62.322,measure,4992.0,888.0,4.4329,58.78
62.422,measure,4992.0,888.0,4.4329,58.81
62.522,measure,4992.0,888.0,4.4329,58.84
62.623,measure,4992.0,888.0,4.4329,58.69
62.723,measure,4992.0,888.0,4.4329,58.66
62.823,measure,4992.0,888.0,4.4329,58.66
62.923,measure,4992.0,888.0,4.4329,58.66
63.024,measure,4992.0,888.0,4.4329,58.62
63.124,measure,4992.0,888.0,4.4329,58.69
63.224,measure,4992.0,888.0,4.4329,58.59
63.324,measure,4992.0,888.0,4.4329,58.81
63.425,measure,4992.0,888.0,4.4329,58.84
63.525,measure,4992.0,888.0,4.4329,58.78
63.625,measure,4992.0,888.0,4.4329,58.69
63.726,measure,4992.0,888.0,4.4329,58.66
63.826,measure,4992.0,888.0,4.4329,58.62
63.926,measure,4992.0,888.0,4.4329,58.62
64.026,measure,4992.0,888.0,4.4329,58.66
64.126,measure,4992.0,888.0,4.4329,58.50
64.227,measure,4992.0,888.0,4.4329,58.66
64.327,measure,4992.0,888.0,4.4329,58.75
64.428,measure,4992.0,888.0,4.4329,58.69
64.528,measure,4992.0,888.0,4.4329,58.78
64.628,measure,4992.0,888.0,4.4329,58.69
64.728,measure,4992.0,888.0,4.4329,58.66
64.828,measure,4992.0,888.0,4.4329,58.72
64.929,measure,4992.0,888.0,4.4329,58.56
65.029,measure,4992.0,888.0,4.4329,58.62
65.129,measure,4992.0,888.0,4.4329,58.53
65.229,measure,4992.0,888.0,4.4329,58.56
65.329,measure,4992.0,888.0,4.4329,58.72
65.429,measure,4992.0,888.0,4.4329,58.72
65.530,measure,4992.0,888.0,4.4329,58.75
65.630,measure,4992.0,888.0,4.4329,58.72
65.730,measure,4992.0,888.0,4.4329,58.66
65.830,measure,4992.0,888.0,4.4329,58.66
65.930,measure,4992.0,888.0,4.4329,58.66
66.030,measure,4992.0,888.0,4.4329,58.53
66.131,measure,4992.0,888.0,4.4329,58.59
66.231,measure,4992.0,888.0,4.4329,58.78
66.331,measure,4992.0,888.0,4.4329,58.75
66.431,measure,4992.0,888.0,4.4329,58.72
66.531,measure,4992.0,888.0,4.4329,58.59
66.631,measure,4992.0,888.0,4.4329,58.66
66.731,measure,4992.0,888.0,4.4329,58.59
66.832,measure,4992.0,888.0,4.4329,58.53
66.932,measure,4992.0,888.0,4.4329,58.56
67.032,measure,4992.0,888.0,4.4329,58.56
67.132,measure,4992.0,888.0,4.4329,58.78
67.232,measure,4992.0,888.0,4.4329,58.75
67.333,measure,4992.0,888.0,4.4329,58.72
67.433,measure,4992.0,888.0,4.4329,58.62
67.533,measure,4992.0,888.0,4.4329,58.69
67.634,measure,4992.0,888.0,4.4329,58.66
67.734,measure,4992.0,888.0,4.4329,58.56
67.834,measure,4992.0,888.0,4.4329,58.59
67.935,measure,4992.0,888.0,4.4329,58.59
68.035,measure,4992.0,888.0,4.4329,58.56
68.135,measure,4992.0,888.0,4.4329,58.59
68.235,measure,4992.0,888.0,4.4329,58.78
68.336,measure,4992.0,888.0,4.4329,58.72
68.436,measure,4992.0,888.0,4.4329,58.72
68.536,measure,4992.0,888.0,4.4329,58.59
68.637,measure,4992.0,888.0,4.4329,58.59
68.737,measure,4992.0,888.0,4.4329,58.56
68.837,measure,4992.0,888.0,4.4329,58.59
68.937,measure,4992.0,896.0,4.4728,58.62
69.037,measure,4992.0,888.0,4.4329,58.56
69.137,measure,4992.0,888.0,4.4329,58.78
69.237,measure,4992.0,888.0,4.4329,58.69
69.338,measure,4992.0,888.0,4.4329,58.69
69.438,measure,4992.0,888.0,4.4329,58.69
69.538,measure,4992.0,888.0,4.4329,58.62
69.638,measure,4992.0,888.0,4.4329,58.62
69.738,measure,4992.0,888.0,4.4329,58.56
69.838,measure,4992.0,888.0,4.4329,58.59
69.938,measure,4992.0,888.0,4.4329,58.56
70.039,measure,4992.0,888.0,4.4329,58.56
70.139,measure,4992.0,888.0,4.4329,58.69
70.239,measure,4992.0,888.0,4.4329,58.75
70.339,measure,4992.0,888.0,4.4329,58.59
70.439,measure,4992.0,888.0,4.4329,58.62
70.540,measure,4992.0,888.0,4.4329,58.66
70.640,measure,4992.0,888.0,4.4329,58.62
70.740,measure,4992.0,888.0,4.4329,58.56
70.841,measure,4992.0,888.0,4.4329,58.59
70.941,measure,4992.0,888.0,4.4329,58.53
71.041,measure,4992.0,888.0,4.4329,58.84
71.141,measure,4992.0,888.0,4.4329,58.75
71.241,measure,4992.0,888.0,4.4329,58.75
71.341,measure,4992.0,888.0,4.4329,58.66
71.442,measure,4992.0,888.0,4.4329,58.56
71.542,measure,4992.0,888.0,4.4329,58.56
71.642,measure,4992.0,888.0,4.4329,58.50
71.742,measure,4992.0,888.0,4.4329,58.59
71.842,measure,4992.0,888.0,4.4329,58.59
71.942,measure,4992.0,888.0,4.4329,58.53
72.042,measure,4992.0,888.0,4.4329,58.69
72.143,measure,4992.0,888.0,4.4329,58.69
72.243,measure,4992.0,888.0,4.4329,58.66
72.343,measure,4992.0,888.0,4.4329,58.66
72.444,measure,4992.0,888.0,4.4329,58.62
72.544,measure,4992.0,888.0,4.4329,58.56
72.644,measure,4992.0,888.0,4.4329,58.56
72.745,measure,4992.0,888.0,4.4329,58.53
72.845,measure,4992.0,888.0,4.4329,58.53
72.945,measure,4992.0,888.0,4.4329,58.78
73.045,measure,4992.0,888.0,4.4329,58.62
73.146,measure,4992.0,888.0,4.4329,58.62
73.246,measure,4992.0,888.0,4.4329,58.66
73.346,measure,4992.0,888.0,4.4329,58.62
73.446,measure,4992.0,888.0,4.4329,58.62
73.546,measure,4992.0,888.0,4.4329,58.50
73.647,measure,4992.0,888.0,4.4329,58.59
73.747,measure,4992.0,888.0,4.4329,58.59
73.847,measure,4992.0,888.0,4.4329,58.78
73.947,measure,4992.0,888.0,4.4329,58.81
74.047,measure,4992.0,888.0,4.4329,58.75
74.147,measure,4992.0,888.0,4.4329,58.62
74.248,measure,4992.0,888.0,4.4329,58.66
74.348,measure,4992.0,888.0,4.4329,58.53
74.448,measure,4992.0,888.0,4.4329,58.59
74.548,measure,4992.0,888.0,4.4329,58.62
74.648,measure,4992.0,888.0,4.4329,58.56
74.748,measure,4992.0,888.0,4.4329,58.50
74.849,measure,4992.0,888.0,4.4329,58.84
74.949,measure,4992.0,888.0,4.4329,58.75
75.049,measure,4992.0,888.0,4.4329,58.72
75.149,measure,4992.0,888.0,4.4329,58.62
75.249,measure,4992.0,888.0,4.4329,58.59
75.349,measure,4992.0,888.0,4.4329,58.66
75.449,measure,4992.0,888.0,4.4329,58.59
75.549,measure,4992.0,888.0,4.4329,58.59
75.650,measure,4992.0,888.0,4.4329,58.53
75.750,measure,4992.0,888.0,4.4329,58.75
75.850,measure,4992.0,888.0,4.4329,58.69
75.950,measure,4992.0,888.0,4.4329,58.62
76.050,measure,4992.0,888.0,4.4329,58.56
76.150,measure,4992.0,888.0,4.4329,58.59
76.250,measure,4992.0,888.0,4.4329,58.59
76.351,measure,4992.0,888.0,4.4329,58.53
76.451,measure,4992.0,888.0,4.4329,58.47
76.551,measure,4992.0,888.0,4.4329,58.50
76.651,measure,4992.0,888.0,4.4329,58.50
76.751,measure,4992.0,888.0,4.4329,58.81
76.851,measure,4992.0,888.0,4.4329,58.62
76.952,measure,4992.0,888.0,4.4329,58.66
77.052,measure,4992.0,888.0,4.4329,58.59
77.152,measure,4992.0,888.0,4.4329,58.59
77.253,measure,4992.0,888.0,4.4329,58.59
77.353,measure,4992.0,888.0,4.4329,58.53
77.453,measure,4992.0,888.0,4.4329,58.56
77.553,measure,4992.0,888.0,4.4329,58.59
77.654,measure,4992.0,888.0,4.4329,58.78
77.754,measure,4992.0,888.0,4.4329,58.72
77.854,measure,4992.0,888.0,4.4329,58.66
77.954,measure,4992.0,888.0,4.4329,58.62
78.055,measure,4992.0,888.0,4.4329,58.62
78.155,measure,4992.0,888.0,4.4329,58.59
78.255,measure,4992.0,888.0,4.4329,58.56
78.355,measure,4992.0,896.0,4.4728,58.47
78.455,measure,4992.0,888.0,4.4329,58.50
78.556,measure,4992.0,888.0,4.4329,58.75
78.656,measure,4992.0,888.0,4.4329,58.75
78.756,measure,4992.0,888.0,4.4329,58.72
78.856,measure,4992.0,888.0,4.4329,58.62
78.957,measure,4992.0,888.0,4.4329,58.59
79.057,measure,4992.0,888.0,4.4329,58.53
79.157,measure,4992.0,888.0,4.4329,58.53
79.257,measure,4992.0,888.0,4.4329,58.47
79.358,measure,4992.0,888.0,4.4329,58.50
79.458,measure,4992.0,888.0,4.4329,58.50
79.558,measure,4992.0,888.0,4.4329,58.75
79.659,measure,4992.0,888.0,4.4329,58.72
79.759,measure,4992.0,888.0,4.4329,58.72
79.859,measure,4992.0,888.0,4.4329,58.66
79.959,measure,4992.0,888.0,4.4329,58.66
80.059,measure,4992.0,888.0,4.4329,58.56
80.159,measure,4992.0,888.0,4.4329,58.50
80.260,measure,4992.0,888.0,4.4329,58.56
80.360,measure,4992.0,888.0,4.4329,58.44
80.460,measure,4992.0,888.0,4.4329,58.72
80.560,measure,4992.0,888.0,4.4329,58.69
80.660,measure,4992.0,888.0,4.4329,58.62
80.760,measure,4992.0,888.0,4.4329,58.62
80.861,measure,4992.0,888.0,4.4329,58.66
80.961,measure,4992.0,888.0,4.4329,58.56
81.061,measure,4992.0,888.0,4.4329,58.53
81.161,measure,4992.0,888.0,4.4329,58.50
81.261,measure,4992.0,888.0,4.4329,58.56
81.362,measure,4992.0,888.0,4.4329,58.50
81.462,measure,4992.0,888.0,4.4329,58.62
81.562,measure,4992.0,888.0,4.4329,58.72
81.663,measure,4992.0,888.0,4.4329,58.69
81.763,measure,4992.0,888.0,4.4329,58.62
81.863,measure,4992.0,888.0,4.4329,58.69
81.964,measure,4992.0,888.0,4.4329,58.59
82.064,measure,4992.0,888.0,4.4329,58.47
82.164,measure,4992.0,888.0,4.4329,58.53
82.264,measure,4992.0,888.0,4.4329,58.53
82.365,measure,4992.0,888.0,4.4329,58.53
82.465,measure,4992.0,888.0,4.4329,58.44
82.565,measure,4992.0,888.0,4.4329,58.72
82.666,measure,4992.0,896.0,4.4728,58.66
82.766,measure,4992.0,896.0,4.4728,58.53
82.866,measure,4992.0,896.0,4.4728,58.59
82.967,measure,4992.0,896.0,4.4728,58.56
83.067,measure,4992.0,896.0,4.4728,58.53
83.167,measure,4992.0,896.0,4.4728,58.50
83.268,measure,4992.0,896.0,4.4728,58.50
83.368,measure,4992.0,896.0,4.4728,58.50
83.468,measure,4992.0,888.0,4.4329,58.50
83.568,measure,4992.0,888.0,4.4329,58.44
83.669,measure,4992.0,888.0,4.4329,58.66
83.769,measure,4992.0,888.0,4.4329,58.69
83.869,measure,4992.0,888.0,4.4329,58.56
83.969,measure,4992.0,888.0,4.4329,58.59
84.069,measure,4992.0,888.0,4.4329,58.47
84.169,measure,4992.0,888.0,4.4329,58.50
84.269,measure,4992.0,888.0,4.4329,58.47
84.370,measure,4992.0,888.0,4.4329,58.47
84.470,measure,4992.0,888.0,4.4329,58.44
84.571,measure,4992.0,888.0,4.4329,58.66
84.671,measure,4992.0,888.0,4.4329,58.75
84.771,measure,4992.0,888.0,4.4329,58.59
84.871,measure,4992.0,888.0,4.4329,58.66
84.971,measure,4992.0,888.0,4.4329,58.56
85.072,measure,4992.0,888.0,4.4329,58.59
85.172,measure,4992.0,888.0,4.4329,58.41
85.272,measure,4992.0,888.0,4.4329,58.50
85.372,measure,4992.0,888.0,4.4329,58.53
85.473,measure,4992.0,888.0,4.4329,58.50
85.573,measure,4992.0,888.0,4.4329,58.72
85.673,measure,4992.0,888.0,4.4329,58.62
85.774,measure,4992.0,888.0,4.4329,58.56
85.874,measure,4992.0,888.0,4.4329,58.66
85.974,measure,4992.0,888.0,4.4329,58.53
86.074,measure,4992.0,888.0,4.4329,58.53
86.175,measure,4992.0,888.0,4.4329,58.50
86.275,measure,4992.0,888.0,4.4329,58.44
86.375,measure,4992.0,888.0,4.4329,58.44
86.475,measure,4992.0,888.0,4.4329,58.44
86.576,measure,4992.0,888.0,4.4329,58.66
86.676,measure,4992.0,888.0,4.4329,58.56
86.776,measure,4992.0,888.0,4.4329,58.62
86.877,measure,4992.0,888.0,4.4329,58.66
86.977,measure,4992.0,888.0,4.4329,58.53
87.077,measure,4992.0,888.0,4.4329,58.53
87.177,measure,4992.0,888.0,4.4329,58.47
87.277,measure,4992.0,888.0,4.4329,58.50
87.378,measure,4992.0,888.0,4.4329,58.53
87.478,measure,4992.0,888.0,4.4329,58.66
87.578,measure,4992.0,888.0,4.4329,58.62
87.679,measure,4992.0,888.0,4.4329,58.59
87.779,measure,4992.0,888.0,4.4329,58.53
87.879,measure,4992.0,888.0,4.4329,58.62
87.979,measure,4992.0,888.0,4.4329,58.53
88.079,measure,4992.0,888.0,4.4329,58.47
88.179,measure,4992.0,888.0,4.4329,58.47
88.280,measure,4992.0,888.0,4.4329,58.50
88.380,measure,4992.0,888.0,4.4329,58.72
88.480,measure,4992.0,888.0,4.4329,58.66
88.580,measure,4992.0,888.0,4.4329,58.62
88.680,measure,4992.0,888.0,4.4329,58.56
88.780,measure,4992.0,888.0,4.4329,58.53
88.881,measure,4992.0,888.0,4.4329,58.53
88.981,measure,4992.0,888.0,4.4329,58.50
89.081,measure,4992.0,888.0,4.4329,58.47
89.181,measure,4992.0,888.0,4.4329,58.50
89.281,measure,4992.0,888.0,4.4329,58.47
89.382,measure,4992.0,888.0,4.4329,58.69
89.482,measure,4992.0,888.0,4.4329,58.69
89.582,measure,4992.0,888.0,4.4329,58.56
89.682,measure,4992.0,888.0,4.4329,58.56
89.782,measure,4992.0,888.0,4.4329,58.56
89.882,measure,4992.0,888.0,4.4329,58.50
89.983,measure,4992.0,888.0,4.4329,58.56
90.083,measure,4992.0,888.0,4.4329,58.47
90.183,measure,4992.0,888.0,4.4329,58.53
90.283,measure,4992.0,888.0,4.4329,58.66
90.383,measure,4992.0,888.0,4.4329,58.56
90.483,measure,4992.0,888.0,4.4329,58.59
90.583,measure,4992.0,888.0,4.4329,58.50
90.684,measure,4992.0,888.0,4.4329,58.56
90.784,measure,4992.0,888.0,4.4329,58.50
90.884,measure,4992.0,888.0,4.4329,58.47
90.984,measure,4992.0,888.0,4.4329,58.50
91.084,measure,4992.0,888.0,4.4329,58.47
91.184,measure,4992.0,888.0,4.4329,58.47
91.284,measure,4992.0,888.0,4.4329,58.53
91.384,measure,4992.0,888.0,4.4329,58.62
91.485,measure,4992.0,888.0,4.4329,58.59
91.585,measure,4992.0,888.0,4.4329,58.50
91.685,measure,4992.0,888.0,4.4329,58.47
91.785,measure,4992.0,888.0,4.4329,58.47
91.885,measure,4992.0,888.0,4.4329,58.44
91.985,measure,4992.0,888.0,4.4329,58.44
92.086,measure,4992.0,888.0,4.4329,58.44
92.186,measure,4992.0,888.0,4.4329,58.62
92.286,measure,4992.0,888.0,4.4329,58.53
92.386,measure,4992.0,888.0,4.4329,58.59
92.486,measure,4992.0,888.0,4.4329,58.47
92.586,measure,4992.0,888.0,4.4329,58.50
92.687,measure,4992.0,888.0,4.4329,58.47
92.787,measure,4992.0,888.0,4.4329,58.44
92.887,measure,4992.0,888.0,4.4329,58.53
92.987,measure,4992.0,888.0,4.4329,58.41
93.088,measure,4992.0,888.0,4.4329,58.69
93.188,measure,4992.0,888.0,4.4329,58.56
93.288,measure,4992.0,888.0,4.4329,58.56
93.388,measure,4992.0,888.0,4.4329,58.53
93.489,measure,4992.0,888.0,4.4329,58.44
93.589,measure,4992.0,888.0,4.4329,58.53
93.689,measure,4992.0,888.0,4.4329,58.47
93.789,measure,4992.0,888.0,4.4329,58.44
93.889,measure,4992.0,888.0,4.4329,58.44
93.990,measure,4992.0,888.0,4.4329,58.44
94.090,measure,4992.0,888.0,4.4329,58.69
94.190,measure,4992.0,888.0,4.4329,58.53
94.290,measure,4992.0,888.0,4.4329,58.53
94.390,measure,4992.0,888.0,4.4329,58.53
94.490,measure,4992.0,888.0,4.4329,58.53
94.590,measure,4992.0,888.0,4.4329,58.50
94.691,measure,4992.0,888.0,4.4329,58.41
94.791,measure,4992.0,888.0,4.4329,58.44
94.891,measure,4992.0,888.0,4.4329,58.41
94.991,measure,4992.0,888.0,4.4329,58.66
95.091,measure,4992.0,888.0,4.4329,58.50
95.191,measure,4992.0,888.0,4.4329,58.53
95.292,measure,4992.0,888.0,4.4329,58.56
95.392,measure,4992.0,888.0,4.4329,58.50
95.492,measure,4992.0,888.0,4.4329,58.47
95.592,measure,4992.0,888.0,4.4329,58.47
95.692,measure,4992.0,888.0,4.4329,58.41
95.792,measure,4992.0,888.0,4.4329,58.47
95.893,measure,4992.0,888.0,4.4329,58.47
95.993,measure,4992.0,888.0,4.4329,58.50
96.093,measure,4992.0,888.0,4.4329,58.53
96.193,measure,4992.0,888.0,4.4329,58.56
96.294,measure,4992.0,888.0,4.4329,58.44
96.394,measure,4992.0,888.0,4.4329,58.47
96.494,measure,4992.0,888.0,4.4329,58.44
96.594,measure,4992.0,888.0,4.4329,58.44
96.694,measure,4992.0,888.0,4.4329,58.44
96.795,measure,4992.0,888.0,4.4329,58.41
96.895,measure,4992.0,888.0,4.4329,58.66
96.995,measure,4992.0,888.0,4.4329,58.62
97.095,measure,4992.0,888.0,4.4329,58.53
97.195,measure,4992.0,888.0,4.4329,58.47
97.295,measure,4992.0,888.0,4.4329,58.44
97.395,measure,4992.0,888.0,4.4329,58.44
97.496,measure,4992.0,888.0,4.4329,58.44
97.596,measure,4992.0,888.0,4.4329,58.41
97.696,measure,4992.0,888.0,4.4329,58.38
97.796,measure,4992.0,888.0,4.4329,58.75
97.896,measure,4992.0,888.0,4.4329,58.53
97.997,measure,4992.0,888.0,4.4329,58.59
98.097,measure,4992.0,888.0,4.4329,58.53
98.197,measure,4992.0,888.0,4.4329,58.44
98.297,measure,4992.0,888.0,4.4329,58.44
98.398,measure,4992.0,888.0,4.4329,58.44
98.498,measure,4992.0,888.0,4.4329,58.38
98.598,measure,4992.0,888.0,4.4329,58.47
98.698,measure,4992.0,888.0,4.4329,58.38
98.799,measure,4992.0,888.0,4.4329,58.59
98.899,measure,4992.0,888.0,4.4329,58.53
98.999,measure,4992.0,888.0,4.4329,58.53
99.099,measure,4992.0,888.0,4.4329,58.50
99.199,measure,4992.0,888.0,4.4329,58.44
99.299,measure,4992.0,888.0,4.4329,58.44
99.399,measure,4992.0,888.0,4.4329,58.44
99.500,measure,4992.0,888.0,4.4329,58.44
99.600,measure,4992.0,888.0,4.4329,58.44
99.700,measure,4992.0,888.0,4.4329,58.66
99.800,measure,4992.0,888.0,4.4329,58.66
99.900,measure,4992.0,888.0,4.4329,58.56
100.000,measure,4992.0,888.0,4.4329,58.53
100.101,measure,4992.0,888.0,4.4329,58.47
100.201,measure,4992.0,888.0,4.4329,58.50
100.301,measure,4992.0,888.0,4.4329,58.44
100.402,measure,4992.0,888.0,4.4329,58.41
100.502,measure,4992.0,888.0,4.4329,58.47
100.602,measure,4992.0,888.0,4.4329,58.44
100.702,measure,4992.0,888.0,4.4329,58.59
100.802,measure,4992.0,888.0,4.4329,58.53
100.902,measure,4992.0,888.0,4.4329,58.53
101.003,measure,4992.0,888.0,4.4329,58.50
101.103,measure,4992.0,888.0,4.4329,58.47
101.203,measure,4992.0,888.0,4.4329,58.44
101.304,measure,4992.0,888.0,4.4329,58.44
101.404,measure,4992.0,888.0,4.4329,58.44
101.504,measure,4992.0,888.0,4.4329,58.41
101.604,measure,4992.0,888.0,4.4329,58.69
101.705,measure,4992.0,888.0,4.4329,58.69
101.805,measure,4992.0,888.0,4.4329,58.53
101.905,measure,4992.0,888.0,4.4329,58.47
102.005,measure,4992.0,888.0,4.4329,58.47
102.106,measure,4992.0,888.0,4.4329,58.44
102.206,measure,4992.0,888.0,4.4329,58.44
102.306,measure,4992.0,888.0,4.4329,58.44
102.407,measure,4992.0,888.0,4.4329,58.41
102.507,measure,4992.0,888.0,4.4329,58.44
102.607,measure,4992.0,888.0,4.4329,58.66
102.707,measure,4992.0,888.0,4.4329,58.53
102.807,measure,4992.0,888.0,4.4329,58.53
102.907,measure,4992.0,888.0,4.4329,58.50
103.008,measure,4992.0,888.0,4.4329,58.47
103.108,measure,4992.0,888.0,4.4329,58.47
103.208,measure,4992.0,888.0,4.4329,58.53
103.308,measure,4992.0,888.0,4.4329,58.44
103.409,measure,4992.0,888.0,4.4329,58.41
103.509,measure,4992.0,888.0,4.4329,58.62
103.609,measure,4992.0,888.0,4.4329,58.62
103.709,measure,4992.0,888.0,4.4329,58.53
103.809,measure,4992.0,888.0,4.4329,58.50
103.909,measure,4992.0,888.0,4.4329,58.47
104.009,measure,4992.0,888.0,4.4329,58.44
104.110,measure,4992.0,888.0,4.4329,58.50
104.210,measure,4992.0,888.0,4.4329,58.44
104.310,measure,4992.0,888.0,4.4329,58.41
104.410,measure,4992.0,888.0,4.4329,58.41
104.510,measure,4992.0,888.0,4.4329,58.53
104.610,measure,4992.0,888.0,4.4329,58.56
104.710,measure,4992.0,888.0,4.4329,58.50
104.811,measure,4992.0,888.0,4.4329,58.47
104.911,measure,4992.0,888.0,4.4329,58.44
105.011,measure,4992.0,888.0,4.4329,58.41
105.111,measure,4992.0,888.0,4.4329,58.44
105.211,measure,4992.0,888.0,4.4329,58.41
105.312,measure,4992.0,888.0,4.4329,58.41
105.412,measure,4992.0,888.0,4.4329,58.62
105.512,measure,4992.0,888.0,4.4329,58.56
105.613,measure,4992.0,888.0,4.4329,58.59
105.713,measure,4992.0,888.0,4.4329,58.44
105.813,measure,4992.0,888.0,4.4329,58.50
105.913,measure,4992.0,888.0,4.4329,58.44
106.013,measure,4992.0,888.0,4.4329,58.47
106.114,measure,4992.0,888.0,4.4329,58.44
106.214,measure,4992.0,888.0,4.4329,58.38
106.314,measure,4992.0,888.0,4.4329,58.41
106.415,measure,4992.0,888.0,4.4329,58.59
106.515,measure,4992.0,888.0,4.4329,58.53
106.615,measure,4992.0,888.0,4.4329,58.53
106.715,measure,4992.0,888.0,4.4329,58.56
106.816,measure,4992.0,888.0,4.4329,58.50
106.916,measure,4992.0,888.0,4.4329,58.44
107.016,measure,4992.0,888.0,4.4329,58.41
107.116,measure,4992.0,888.0,4.4329,58.47
107.216,measure,4992.0,888.0,4.4329,58.41
107.317,measure,4992.0,888.0,4.4329,58.38
107.417,measure,4992.0,888.0,4.4329,58.62
107.517,measure,4992.0,888.0,4.4329,58.59
107.618,measure,4992.0,888.0,4.4329,58.53
107.718,measure,4992.0,888.0,4.4329,58.47
107.818,measure,4992.0,888.0,4.4329,58.47
107.919,measure,4992.0,888.0,4.4329,58.47
108.019,measure,4992.0,888.0,4.4329,58.44
108.119,measure,4992.0,888.0,4.4329,58.44
108.220,measure,4992.0,888.0,4.4329,58.41
108.320,measure,4992.0,888.0,4.4329,58.38
108.420,measure,4992.0,888.0,4.4329,58.38
108.521,measure,4992.0,888.0,4.4329,58.56
108.621,measure,4992.0,888.0,4.4329,58.53
108.721,measure,4992.0,888.0,4.4329,58.44
108.822,measure,4992.0,888.0,4.4329,58.44
108.922,measure,4992.0,888.0,4.4329,58.44
109.022,measure,4992.0,888.0,4.4329,58.44
109.123,measure,4992.0,888.0,4.4329,58.41
109.223,measure,4992.0,888.0,4.4329,58.41
109.323,measure,4992.0,888.0,4.4329,58.44
109.424,measure,4992.0,888.0,4.4329,58.38
109.524,measure,4992.0,888.0,4.4329,58.62
109.624,measure,4992.0,888.0,4.4329,58.59
109.725,measure,4992.0,888.0,4.4329,58.50
109.825,measure,4992.0,888.0,4.4329,58.44
109.925,measure,4992.0,888.0,4.4329,58.47
110.025,measure,4992.0,888.0,4.4329,58.44
110.125,measure,4992.0,888.0,4.4329,58.41
110.226,measure,4992.0,888.0,4.4329,58.41
110.326,measure,4992.0,888.0,4.4329,58.44
110.426,measure,4992.0,888.0,4.4329,58.41
110.527,measure,4992.0,888.0,4.4329,58.59
110.627,measure,4992.0,888.0,4.4329,58.59
110.727,measure,4992.0,888.0,4.4329,58.50
110.827,measure,4992.0,888.0,4.4329,58.47
110.928,measure,4992.0,888.0,4.4329,58.50
111.028,measure,4992.0,888.0,4.4329,58.44
111.129,measure,4992.0,888.0,4.4329,58.44
111.229,measure,4992.0,888.0,4.4329,58.44
111.329,measure,4992.0,888.0,4.4329,58.44
111.430,measure,4992.0,888.0,4.4329,58.69
111.530,measure,4992.0,888.0,4.4329,58.62
111.630,measure,4992.0,888.0,4.4329,58.59
111.730,measure,4992.0,888.0,4.4329,58.56
111.830,measure,4992.0,888.0,4.4329,58.50
111.931,measure,4992.0,888.0,4.4329,58.47
112.031,measure,4992.0,888.0,4.4329,58.44
112.131,measure,4992.0,888.0,4.4329,58.41
112.231,measure,4992.0,888.0,4.4329,58.41
112.331,measure,4992.0,888.0,4.4329,58.38
112.431,measure,4992.0,888.0,4.4329,58.56
112.531,measure,4992.0,888.0,4.4329,58.56
112.631,measure,4992.0,888.0,4.4329,58.50
112.732,measure,4992.0,888.0,4.4329,58.47
112.832,measure,4992.0,888.0,4.4329,58.44
112.932,measure,4992.0,888.0,4.4329,58.44
113.032,measure,4992.0,888.0,4.4329,58.41
113.133,measure,4992.0,888.0,4.4329,58.47
113.233,measure,4992.0,888.0,4.4329,58.47
113.333,measure,4992.0,888.0,4.4329,58.34
113.433,measure,4992.0,888.0,4.4329,58.38
113.534,measure,4992.0,888.0,4.4329,58.56
113.634,measure,4992.0,888.0,4.4329,58.53
113.734,measure,4992.0,888.0,4.4329,58.44
113.834,measure,4992.0,888.0,4.4329,58.41
113.934,measure,4992.0,888.0,4.4329,58.44
114.034,measure,4992.0,888.0,4.4329,58.44
114.134,measure,4992.0,888.0,4.4329,58.34
114.235,measure,4992.0,888.0,4.4329,58.59
114.335,measure,4992.0,888.0,4.4329,58.59
114.435,measure,4992.0,888.0,4.4329,58.62
114.535,measure,4992.0,888.0,4.4329,58.44
114.635,measure,4992.0,888.0,4.4329,58.44
114.735,measure,4992.0,888.0,4.4329,58.41
114.835,measure,4992.0,888.0,4.4329,58.47
114.935,measure,4992.0,888.0,4.4329,58.38
115.036,measure,4992.0,888.0,4.4329,58.41
115.136,measure,4992.0,888.0,4.4329,58.31
115.236,measure,4992.0,888.0,4.4329,58.59
115.337,measure,4992.0,888.0,4.4329,58.62
115.437,measure,4992.0,888.0,4.4329,58.53
115.537,measure,4992.0,888.0,4.4329,58.50
115.637,measure,4992.0,888.0,4.4329,58.47
115.738,measure,4992.0,888.0,4.4329,58.41
115.838,measure,4992.0,888.0,4.4329,58.38
115.938,measure,4992.0,888.0,4.4329,58.38
116.038,measure,4992.0,888.0,4.4329,58.41
116.139,measure,4992.0,888.0,4.4329,58.38
116.239,measure,4992.0,888.0,4.4329,58.59
116.339,measure,4992.0,888.0,4.4329,58.50
116.440,measure,4992.0,888.0,4.4329,58.44
116.540,measure,4992.0,888.0,4.4329,58.50
116.640,measure,4992.0,888.0,4.4329,58.44
116.741,measure,4992.0,888.0,4.4329,58.41
116.841,measure,4992.0,888.0,4.4329,58.44
116.941,measure,4992.0,888.0,4.4329,58.44
117.041,measure,4992.0,888.0,4.4329,58.41
117.142,measure,4992.0,888.0,4.4329,58.44
117.242,measure,4992.0,888.0,4.4329,58.56
117.342,measure,4992.0,888.0,4.4329,58.56
117.443,measure,4992.0,888.0,4.4329,58.47
117.543,measure,4992.0,888.0,4.4329,58.47
117.643,measure,4992.0,888.0,4.4329,58.38
117.743,measure,4992.0,888.0,4.4329,58.47
117.843,measure,4992.0,888.0,4.4329,58.41
117.943,measure,4992.0,888.0,4.4329,58.44
118.044,measure,4992.0,888.0,4.4329,58.44
118.144,measure,4992.0,888.0,4.4329,58.38
118.244,measure,4992.0,888.0,4.4329,58.47
118.344,measure,4992.0,888.0,4.4329,58.47
118.444,measure,4992.0,888.0,4.4329,58.47
118.544,measure,4992.0,888.0,4.4329,58.50
118.644,measure,4992.0,888.0,4.4329,58.41
118.744,measure,4992.0,888.0,4.4329,58.44
118.844,measure,4992.0,888.0,4.4329,58.44
118.945,measure,4992.0,888.0,4.4329,58.38
119.045,measure,4992.0,888.0,4.4329,58.38
119.145,measure,4992.0,888.0,4.4329,58.50
119.245,measure,4992.0,888.0,4.4329,58.53
119.345,measure,4992.0,888.0,4.4329,58.44
119.445,measure,4992.0,888.0,4.4329,58.44
119.545,measure,4992.0,888.0,4.4329,58.47
119.645,measure,4992.0,888.0,4.4329,58.44
119.745,measure,4992.0,888.0,4.4329,58.44
119.846,measure,4992.0,888.0,4.4329,58.34
119.946,measure,4992.0,888.0,4.4329,58.59
120.046,measure,4992.0,888.0,4.4329,58.53
120.146,measure,4992.0,888.0,4.4329,58.50
120.246,measure,4992.0,888.0,4.4329,58.50
120.346,measure,4992.0,888.0,4.4329,58.44
120.446,measure,4992.0,888.0,4.4329,58.41
120.546,measure,4992.0,888.0,4.4329,58.41
120.646,measure,4992.0,888.0,4.4329,58.41
120.747,measure,4992.0,888.0,4.4329,58.41
120.847,measure,4992.0,888.0,4.4329,58.53
120.947,measure,4992.0,888.0,4.4329,58.56
121.047,measure,4992.0,888.0,4.4329,58.50
121.147,measure,4992.0,888.0,4.4329,58.50
121.247,measure,4992.0,888.0,4.4329,58.44
121.347,measure,4992.0,888.0,4.4329,58.44
121.447,measure,4992.0,888.0,4.4329,58.34
121.548,measure,4992.0,888.0,4.4329,58.38
121.648,measure,4992.0,888.0,4.4329,58.44
121.748,measure,4992.0,888.0,4.4329,58.38
121.848,measure,4992.0,888.0,4.4329,58.56
121.948,measure,4992.0,888.0,4.4329,58.50
122.048,measure,4992.0,888.0,4.4329,58.44
122.148,measure,4992.0,888.0,4.4329,58.44
122.248,measure,4992.0,888.0,4.4329,58.38
122.348,measure,4992.0,888.0,4.4329,58.34
122.449,measure,4992.0,888.0,4.4329,58.41
122.549,measure,4992.0,888.0,4.4329,58.41
122.649,measure,4992.0,888.0,4.4329,58.31
122.749,measure,4992.0,888.0,4.4329,58.53
122.849,measure,4992.0,888.0,4.4329,58.47
122.949,measure,4992.0,888.0,4.4329,58.44
123.049,measure,4992.0,888.0,4.4329,58.44
123.149,measure,4992.0,888.0,4.4329,58.44
123.249,measure,4992.0,888.0,4.4329,58.34
123.350,measure,4992.0,888.0,4.4329,58.31
123.450,measure,4992.0,888.0,4.4329,58.41
123.550,measure,4992.0,888.0,4.4329,58.31
123.650,measure,4992.0,888.0,4.4329,58.56
123.750,measure,4992.0,888.0,4.4329,58.53
123.850,measure,4992.0,888.0,4.4329,58.47
123.950,measure,4992.0,888.0,4.4329,58.44
124.050,measure,4992.0,888.0,4.4329,58.44
124.150,measure,4992.0,888.0,4.4329,58.38
124.251,measure,4992.0,888.0,4.4329,58.38
124.351,measure,4992.0,888.0,4.4329,58.31
124.451,measure,4992.0,888.0,4.4329,58.38
124.551,measure,4992.0,888.0,4.4329,58.56
124.651,measure,4992.0,888.0,4.4329,58.47
124.751,measure,4992.0,888.0,4.4329,58.50
124.851,measure,4992.0,888.0,4.4329,58.38
124.951,measure,4992.0,888.0,4.4329,58.44
125.051,measure,4992.0,888.0,4.4329,58.38
125.152,measure,4992.0,888.0,4.4329,58.34
125.252,measure,4992.0,888.0,4.4329,58.34
125.352,measure,4992.0,888.0,4.4329,58.28
125.452,measure,4992.0,888.0,4.4329,58.50
125.552,measure,4992.0,888.0,4.4329,58.44
125.652,measure,4992.0,888.0,4.4329,58.44
125.752,measure,4992.0,888.0,4.4329,58.41
125.852,measure,4992.0,896.0,4.4728,58.41
125.953,measure,4992.0,896.0,4.4728,58.38
126.053,measure,4992.0,896.0,4.4728,58.41
126.153,measure,4992.0,896.0,4.4728,58.38
126.253,measure,4992.0,896.0,4.4728,58.41
126.353,measure,4992.0,888.0,4.4329,58.44
126.453,measure,4992.0,888.0,4.4329,58.53
126.553,measure,4992.0,888.0,4.4329,58.53
126.653,measure,4992.0,888.0,4.4329,58.41
126.753,measure,4992.0,888.0,4.4329,58.44
126.854,measure,4992.0,888.0,4.4329,58.44
126.954,measure,4992.0,888.0,4.4329,58.44
127.054,measure,4992.0,888.0,4.4329,58.41
127.154,measure,4992.0,888.0,4.4329,58.34
127.254,measure,4992.0,888.0,4.4329,58.53
127.354,measure,4992.0,888.0,4.4329,58.47
127.454,measure,4992.0,888.0,4.4329,58.44
127.554,measure,4992.0,888.0,4.4329,58.44
127.655,measure,4992.0,888.0,4.4329,58.44
127.755,measure,4992.0,888.0,4.4329,58.44
127.855,measure,4992.0,888.0,4.4329,58.38
127.955,measure,4992.0,888.0,4.4329,58.31
128.055,measure,4992.0,896.0,4.4728,58.38
128.155,measure,4992.0,904.0,4.5128,58.53
128.255,measure,4992.0,904.0,4.5128,58.50
128.355,measure,4992.0,904.0,4.5128,58.47
128.456,measure,4992.0,952.0,4.7524,58.44
128.556,measure,4984.0,984.0,4.9043,58.41
128.656,measure,4984.0,1008.0,5.0239,58.38
128.756,measure,4984.0,1032.0,5.1435,58.41
128.856,measure,4984.0,1024.0,5.1036,58.41
128.956,measure,4984.0,992.0,4.9441,58.38
129.057,measure,4984.0,968.0,4.8245,58.53
129.157,measure,4992.0,952.0,4.7524,58.47
129.257,measure,4992.0,944.0,4.7124,58.50
129.357,measure,4992.0,928.0,4.6326,58.47
129.458,measure,4992.0,920.0,4.5926,58.47
129.558,measure,4992.0,912.0,4.5527,58.44
129.658,measure,4992.0,912.0,4.5527,58.41
129.758,measure,4992.0,904.0,4.5128,58.38
129.859,measure,4992.0,904.0,4.5128,58.34
129.959,measure,4992.0,896.0,4.4728,58.25
130.059,measure,4992.0,896.0,4.4728,58.53
130.159,measure,4992.0,896.0,4.4728,58.56
130.259,measure,4992.0,896.0,4.4728,58.41
130.359,measure,4992.0,896.0,4.4728,58.44
130.460,measure,4992.0,896.0,4.4728,58.44
130.560,measure,4992.0,888.0,4.4329,58.34
130.660,measure,4992.0,888.0,4.4329,58.34
130.760,measure,4992.0,888.0,4.4329,58.41
130.861,measure,4992.0,888.0,4.4329,58.41
130.961,measure,4992.0,888.0,4.4329,58.53
131.061,measure,4992.0,888.0,4.4329,58.44
131.161,measure,4992.0,888.0,4.4329,58.44
131.262,measure,4992.0,888.0,4.4329,58.44
131.362,measure,4992.0,888.0,4.4329,58.44
131.462,measure,4992.0,888.0,4.4329,58.41
131.562,measure,4992.0,888.0,4.4329,58.44
131.662,measure,4992.0,888.0,4.4329,58.44
131.762,measure,4992.0,888.0,4.4329,58.38
131.862,measure,4992.0,888.0,4.4329,58.59
131.962,measure,4992.0,888.0,4.4329,58.53
132.063,measure,4992.0,888.0,4.4329,58.53
132.163,measure,4992.0,888.0,4.4329,58.47
132.263,measure,4992.0,888.0,4.4329,58.44
132.363,measure,4992.0,888.0,4.4329,58.41
132.463,measure,4992.0,888.0,4.4329,58.38
132.563,measure,4992.0,888.0,4.4329,58.44
132.663,measure,4992.0,888.0,4.4329,58.34
132.764,measure,4992.0,888.0,4.4329,58.41
132.864,measure,4992.0,888.0,4.4329,58.47
132.964,measure,4992.0,888.0,4.4329,58.47
133.064,measure,4992.0,888.0,4.4329,58.41
133.165,measure,4992.0,888.0,4.4329,58.34
133.265,measure,4992.0,888.0,4.4329,58.41
133.365,measure,4992.0,888.0,4.4329,58.41
133.465,measure,4992.0,888.0,4.4329,58.44
133.565,measure,4992.0,888.0,4.4329,58.41
133.666,measure,4992.0,888.0,4.4329,58.34
133.766,measure,4992.0,888.0,4.4329,58.38
133.866,measure,4992.0,888.0,4.4329,58.47
133.967,measure,4992.0,888.0,4.4329,58.44
134.067,measure,4992.0,888.0,4.4329,58.44
134.167,measure,4992.0,888.0,4.4329,58.34
134.267,measure,4992.0,888.0,4.4329,58.44
134.367,measure,4992.0,888.0,4.4329,58.28
134.467,measure,4992.0,888.0,4.4329,58.31
134.568,measure,4992.0,888.0,4.4329,58.41
134.668,measure,4992.0,888.0,4.4329,58.31
134.768,measure,4992.0,888.0,4.4329,58.50
134.868,measure,4992.0,888.0,4.4329,58.53
134.968,measure,4992.0,888.0,4.4329,58.41
135.068,measure,4992.0,888.0,4.4329,58.44
135.168,measure,4992.0,888.0,4.4329,58.44
135.268,measure,4992.0,888.0,4.4329,58.34
135.369,measure,4992.0,888.0,4.4329,58.34
135.469,measure,4992.0,888.0,4.4329,58.38
135.569,measure,4992.0,888.0,4.4329,58.34
135.669,measure,4992.0,888.0,4.4329,58.50
135.770,measure,4992.0,888.0,4.4329,58.50
135.870,measure,4992.0,888.0,4.4329,58.53
135.970,measure,4992.0,888.0,4.4329,58.41
136.070,measure,4992.0,888.0,4.4329,58.44
136.170,measure,4992.0,888.0,4.4329,58.38
136.270,measure,4992.0,888.0,4.4329,58.34
136.371,measure,4992.0,888.0,4.4329,58.34
136.471,measure,4992.0,888.0,4.4329,58.34
136.571,measure,4992.0,888.0,4.4329,58.44
136.671,measure,4992.0,888.0,4.4329,58.56
136.771,measure,4992.0,888.0,4.4329,58.47
136.871,measure,4992.0,888.0,4.4329,58.44
136.971,measure,4992.0,888.0,4.4329,58.41
137.072,measure,4992.0,888.0,4.4329,58.38
137.172,measure,4992.0,888.0,4.4329,58.34
137.272,measure,4992.0,888.0,4.4329,58.41
137.372,measure,4992.0,888.0,4.4329,58.31
137.472,measure,4992.0,888.0,4.4329,58.53
137.572,measure,4992.0,888.0,4.4329,58.47
137.673,measure,4992.0,888.0,4.4329,58.53
137.773,measure,4992.0,888.0,4.4329,58.44
137.873,measure,4992.0,888.0,4.4329,58.41
137.974,measure,4992.0,888.0,4.4329,58.41
138.074,measure,4992.0,888.0,4.4329,58.38
138.174,measure,4992.0,888.0,4.4329,58.41
138.274,measure,4992.0,888.0,4.4329,58.34
138.375,measure,4992.0,888.0,4.4329,58.31
138.475,measure,4992.0,888.0,4.4329,58.50
138.575,measure,4992.0,888.0,4.4329,58.53
138.675,measure,4992.0,896.0,4.4728,58.50
138.775,measure,4992.0,896.0,4.4728,58.44
138.876,measure,4992.0,896.0,4.4728,58.47
138.976,measure,4992.0,896.0,4.4728,58.41
139.076,measure,4992.0,896.0,4.4728,58.34
139.176,measure,4992.0,896.0,4.4728,58.34
139.277,measure,4992.0,896.0,4.4728,58.34
139.377,measure,4992.0,888.0,4.4329,58.31
139.477,measure,4992.0,896.0,4.4728,58.31
139.577,measure,4992.0,896.0,4.4728,58.47
139.678,measure,4992.0,888.0,4.4329,58.47
139.778,measure,4992.0,888.0,4.4329,58.47
139.878,measure,4992.0,888.0,4.4329,58.44
139.978,measure,4992.0,888.0,4.4329,58.41
140.078,measure,4992.0,888.0,4.4329,58.41
140.178,measure,4992.0,888.0,4.4329,58.38
140.279,measure,4992.0,888.0,4.4329,58.31
140.379,measure,4992.0,888.0,4.4329,58.25
140.479,measure,4992.0,888.0,4.4329,58.47
140.579,measure,4992.0,888.0,4.4329,58.50
140.679,measure,4992.0,888.0,4.4329,58.47
140.779,measure,4992.0,888.0,4.4329,58.44
140.880,measure,4992.0,888.0,4.4329,58.41
140.980,measure,4992.0,888.0,4.4329,58.41
141.080,measure,4992.0,888.0,4.4329,58.38
141.180,measure,4992.0,888.0,4.4329,58.41
141.280,measure,4992.0,888.0,4.4329,58.38
141.380,measure,4992.0,888.0,4.4329,58.28
141.480,measure,4992.0,888.0,4.4329,58.44
141.581,measure,4992.0,888.0,4.4329,58.47
141.681,measure,4992.0,888.0,4.4329,58.34
141.781,measure,4992.0,888.0,4.4329,58.41
141.881,measure,4992.0,888.0,4.4329,58.41
141.981,measure,4992.0,888.0,4.4329,58.28
142.082,measure,4992.0,888.0,4.4329,58.38
142.182,measure,4992.0,888.0,4.4329,58.34
142.282,measure,4992.0,888.0,4.4329,58.34
142.383,measure,4992.0,888.0,4.4329,58.47
142.483,measure,4992.0,888.0,4.4329,58.50
142.583,measure,4992.0,888.0,4.4329,58.44
142.683,measure,4992.0,888.0,4.4329,58.44
142.784,measure,4992.0,888.0,4.4329,58.34
142.884,measure,4992.0,888.0,4.4329,58.34
142.984,measure,4992.0,888.0,4.4329,58.31
143.084,measure,4992.0,888.0,4.4329,58.38
143.185,measure,4992.0,888.0,4.4329,58.28
143.285,measure,4992.0,888.0,4.4329,58.28
143.385,measure,4992.0,888.0,4.4329,58.47
143.485,measure,4992.0,888.0,4.4329,58.41
143.585,measure,4992.0,888.0,4.4329,58.44
143.686,measure,4992.0,888.0,4.4329,58.38
143.786,measure,4992.0,888.0,4.4329,58.34
143.886,measure,4992.0,888.0,4.4329,58.34
143.986,measure,4992.0,888.0,4.4329,58.31
144.087,measure,4992.0,888.0,4.4329,58.31
144.187,measure,4992.0,888.0,4.4329,58.34
144.287,measure,4992.0,888.0,4.4329,58.38
144.387,measure,4992.0,888.0,4.4329,58.44
144.488,measure,4992.0,888.0,4.4329,58.41
144.588,measure,4992.0,888.0,4.4329,58.44
144.688,measure,4992.0,888.0,4.4329,58.41
144.788,measure,4992.0,888.0,4.4329,58.41
144.889,measure,4992.0,888.0,4.4329,58.34
144.989,measure,4992.0,888.0,4.4329,58.34
145.089,measure,4992.0,888.0,4.4329,58.34
145.189,measure,4992.0,888.0,4.4329,58.34
145.289,measure,4992.0,888.0,4.4329,58.38
145.390,measure,4992.0,888.0,4.4329,58.47
145.490,measure,4992.0,888.0,4.4329,58.44
145.590,measure,4992.0,888.0,4.4329,58.44
145.690,measure,4992.0,888.0,4.4329,58.44
145.790,measure,4992.0,888.0,4.4329,58.44
145.890,measure,4992.0,888.0,4.4329,58.31
145.990,measure,4992.0,888.0,4.4329,58.38
146.090,measure,4992.0,888.0,4.4329,58.38
146.191,measure,4992.0,888.0,4.4329,58.25
146.291,measure,4992.0,888.0,4.4329,58.44
146.391,measure,4992.0,888.0,4.4329,58.50
146.491,measure,4992.0,888.0,4.4329,58.44
146.591,measure,4992.0,888.0,4.4329,58.38
146.692,measure,4992.0,888.0,4.4329,58.31
146.792,measure,4992.0,888.0,4.4329,58.28
146.892,measure,4992.0,888.0,4.4329,58.28
146.993,measure,4992.0,888.0,4.4329,58.31
147.093,measure,4992.0,888.0,4.4329,58.31
147.193,measure,4992.0,888.0,4.4329,58.47
147.294,measure,4992.0,888.0,4.4329,58.47
147.394,measure,4992.0,888.0,4.4329,58.47
147.494,measure,4992.0,888.0,4.4329,58.41
147.594,measure,4992.0,888.0,4.4329,58.31
147.695,measure,4992.0,888.0,4.4329,58.44
147.795,measure,4992.0,888.0,4.4329,58.38
147.895,measure,4992.0,888.0,4.4329,58.34
147.995,measure,4992.0,888.0,4.4329,58.34
148.095,measure,4992.0,888.0,4.4329,58.31
148.196,measure,4992.0,888.0,4.4329,58.56
148.296,measure,4992.0,888.0,4.4329,58.50
148.396,measure,4992.0,888.0,4.4329,58.50
148.496,measure,4992.0,888.0,4.4329,58.41
148.597,measure,4992.0,888.0,4.4329,58.31
148.697,measure,4992.0,888.0,4.4329,58.34
148.797,measure,4992.0,888.0,4.4329,58.34
148.897,measure,4992.0,888.0,4.4329,58.31
148.997,measure,4992.0,888.0,4.4329,58.44
149.098,measure,4992.0,888.0,4.4329,58.53
149.198,measure,4992.0,888.0,4.4329,58.44
149.298,measure,4992.0,888.0,4.4329,58.47
149.398,measure,4992.0,888.0,4.4329,58.38
149.499,measure,4992.0,888.0,4.4329,58.41
149.599,measure,4992.0,888.0,4.4329,58.31
149.699,measure,4992.0,888.0,4.4329,58.34
149.799,measure,4992.0,888.0,4.4329,58.34
149.900,measure,4992.0,888.0,4.4329,58.31
150.000,measure,4992.0,888.0,4.4329,58.31
150.100,measure,4992.0,888.0,4.4329,58.50
150.200,measure,4992.0,888.0,4.4329,58.50
150.300,measure,4992.0,888.0,4.4329,58.44
150.400,measure,4992.0,888.0,4.4329,58.41
150.500,measure,4992.0,888.0,4.4329,58.38
150.600,measure,4992.0,888.0,4.4329,58.38
150.700,measure,4992.0,888.0,4.4329,58.34
150.801,measure,4992.0,888.0,4.4329,58.34
150.901,measure,4992.0,888.0,4.4329,58.25
151.001,measure,4992.0,888.0,4.4329,58.50
151.101,measure,4992.0,888.0,4.4329,58.38
151.201,measure,4992.0,888.0,4.4329,58.44
151.301,measure,4992.0,888.0,4.4329,58.44
151.401,measure,4992.0,888.0,4.4329,58.38
151.501,measure,4992.0,888.0,4.4329,58.34
151.602,measure,4992.0,888.0,4.4329,58.25
151.702,measure,4992.0,888.0,4.4329,58.28
151.802,measure,4992.0,888.0,4.4329,58.34
151.902,measure,4992.0,888.0,4.4329,58.53
152.002,measure,4992.0,888.0,4.4329,58.38
152.102,measure,4992.0,888.0,4.4329,58.44
152.202,measure,4992.0,888.0,4.4329,58.44
152.302,measure,4992.0,888.0,4.4329,58.31
152.403,measure,4992.0,888.0,4.4329,58.38
152.503,measure,4992.0,888.0,4.4329,58.25
152.603,measure,4992.0,888.0,4.4329,58.31
152.703,measure,4992.0,888.0,4.4329,58.22
152.803,measure,4992.0,888.0,4.4329,58.28
152.903,measure,4992.0,888.0,4.4329,58.44
153.003,measure,4992.0,888.0,4.4329,58.44
153.103,measure,4992.0,888.0,4.4329,58.34
153.203,measure,4992.0,888.0,4.4329,58.41
153.304,measure,4992.0,888.0,4.4329,58.38
153.404,measure,4992.0,888.0,4.4329,58.34
153.504,measure,4992.0,888.0,4.4329,58.34
153.604,measure,4992.0,888.0,4.4329,58.28
153.704,measure,4992.0,888.0,4.4329,58.50
153.804,measure,4992.0,888.0,4.4329,58.41
153.904,measure,4992.0,888.0,4.4329,58.44
154.004,measure,4992.0,888.0,4.4329,58.38
154.105,measure,4992.0,888.0,4.4329,58.41
154.205,measure,4992.0,888.0,4.4329,58.28
154.305,measure,4992.0,888.0,4.4329,58.34
154.405,measure,4992.0,888.0,4.4329,58.25
154.505,measure,4992.0,888.0,4.4329,58.28
154.605,measure,4992.0,888.0,4.4329,58.41
154.705,measure,4992.0,888.0,4.4329,58.44
154.805,measure,4992.0,888.0,4.4329,58.47
154.906,measure,4992.0,888.0,4.4329,58.34
155.006,measure,4992.0,888.0,4.4329,58.41
155.106,measure,4992.0,888.0,4.4329,58.38
155.206,measure,4992.0,888.0,4.4329,58.31
155.307,measure,4992.0,888.0,4.4329,58.28
155.407,measure,4992.0,888.0,4.4329,58.34
155.507,measure,4992.0,888.0,4.4329,58.28
155.608,measure,4992.0,888.0,4.4329,58.16
155.708,measure,4992.0,888.0,4.4329,58.41
155.808,measure,4992.0,888.0,4.4329,58.44
155.908,measure,4992.0,888.0,4.4329,58.31
156.009,measure,4992.0,888.0,4.4329,58.41
156.109,measure,4992.0,888.0,4.4329,58.38
156.209,measure,4992.0,888.0,4.4329,58.34
156.310,measure,4992.0,888.0,4.4329,58.38
156.410,measure,4992.0,888.0,4.4329,58.34
156.510,measure,4992.0,888.0,4.4329,58.31
156.611,measure,4992.0,888.0,4.4329,58.56
156.711,measure,4992.0,888.0,4.4329,58.44
156.811,measure,4992.0,888.0,4.4329,58.38
156.911,measure,4992.0,896.0,4.4728,58.38
157.011,measure,4992.0,888.0,4.4329,58.38
157.111,measure,4992.0,888.0,4.4329,58.31
157.212,measure,4992.0,888.0,4.4329,58.31
157.312,measure,4992.0,888.0,4.4329,58.28
157.412,measure,4992.0,888.0,4.4329,58.34
157.512,measure,4992.0,888.0,4.4329,58.31
157.612,measure,4992.0,888.0,4.4329,58.44
157.712,measure,4992.0,888.0,4.4329,58.38
157.812,measure,4992.0,888.0,4.4329,58.38
157.912,measure,4992.0,896.0,4.4728,58.34
158.013,measure,4992.0,904.0,4.5128,58.38
158.113,measure,4992.0,896.0,4.4728,58.28
158.213,measure,4992.0,920.0,4.5926,58.31
158.313,measure,4992.0,968.0,4.8323,58.28
158.413,measure,4984.0,1008.0,5.0239,58.31
158.513,measure,4984.0,1032.0,5.1435,58.50
158.613,measure,4984.0,1040.0,5.1834,58.38
158.714,measure,4984.0,1024.0,5.1036,58.44
158.814,measure,4984.0,1048.0,5.2232,58.47
158.914,measure,4984.0,1064.0,5.3030,58.41
159.014,measure,4976.0,1080.0,5.3741,58.31
159.115,measure,4976.0,1088.0,5.4139,58.31
159.215,measure,4976.0,1088.0,5.4139,58.28
159.315,measure,4984.0,1048.0,5.2232,58.34
159.415,measure,4984.0,1008.0,5.0239,58.44
159.515,measure,4984.0,984.0,4.9043,58.50
159.615,measure,4992.0,960.0,4.7923,58.47
159.715,measure,4992.0,952.0,4.7524,58.44
159.815,measure,4992.0,936.0,4.6725,58.34
159.916,measure,4992.0,928.0,4.6326,58.38
160.016,measure,4992.0,920.0,4.5926,58.34
160.116,measure,4992.0,912.0,4.5527,58.44
160.216,measure,4992.0,912.0,4.5527,58.28
160.316,measure,4992.0,904.0,4.5128,58.47
160.416,measure,4992.0,904.0,4.5128,58.44
160.516,measure,4992.0,896.0,4.4728,58.44
160.616,measure,4992.0,896.0,4.4728,58.34
160.717,measure,4992.0,896.0,4.4728,58.34
160.817,measure,4992.0,896.0,4.4728,58.38
160.917,measure,4992.0,896.0,4.4728,58.28
161.017,measure,4992.0,896.0,4.4728,58.31
161.117,measure,4992.0,896.0,4.4728,58.28
161.217,measure,4992.0,896.0,4.4728,58.50
161.317,measure,4992.0,888.0,4.4329,58.50
161.417,measure,4992.0,888.0,4.4329,58.47
161.517,measure,4992.0,888.0,4.4329,58.38
161.618,measure,4992.0,888.0,4.4329,58.38
161.718,measure,4992.0,888.0,4.4329,58.31
161.818,measure,4992.0,888.0,4.4329,58.31
161.918,measure,4992.0,888.0,4.4329,58.28
162.018,measure,4992.0,888.0,4.4329,58.28
162.118,measure,4992.0,888.0,4.4329,58.44
162.218,measure,4992.0,888.0,4.4329,58.47
162.318,measure,4992.0,888.0,4.4329,58.47
162.419,measure,4992.0,888.0,4.4329,58.44
162.519,measure,4992.0,888.0,4.4329,58.34
162.619,measure,4992.0,888.0,4.4329,58.31
162.719,measure,4992.0,888.0,4.4329,58.34
162.819,measure,4992.0,888.0,4.4329,58.28
162.919,measure,4992.0,888.0,4.4329,58.25
163.019,measure,4992.0,888.0,4.4329,58.50
163.119,measure,4992.0,888.0,4.4329,58.47
163.220,measure,4992.0,888.0,4.4329,58.41
163.320,measure,4992.0,888.0,4.4329,58.38
163.420,measure,4992.0,888.0,4.4329,58.28
163.520,measure,4992.0,888.0,4.4329,58.34
163.620,measure,4992.0,888.0,4.4329,58.38
163.720,measure,4992.0,888.0,4.4329,58.28
163.820,measure,4992.0,888.0,4.4329,58.50
163.920,measure,4992.0,888.0,4.4329,58.47
164.021,measure,4992.0,888.0,4.4329,58.47
164.121,measure,4992.0,888.0,4.4329,58.44
164.221,measure,4992.0,888.0,4.4329,58.44
164.321,measure,4992.0,888.0,4.4329,58.41
164.421,measure,4992.0,888.0,4.4329,58.38
164.521,measure,4992.0,888.0,4.4329,58.31
164.621,measure,4992.0,888.0,4.4329,58.28
164.721,measure,4992.0,888.0,4.4329,58.62
164.821,measure,4992.0,888.0,4.4329,58.50
164.922,measure,4992.0,888.0,4.4329,58.56
165.022,measure,4992.0,888.0,4.4329,58.44
165.122,measure,4992.0,888.0,4.4329,58.38
165.222,measure,4992.0,888.0,4.4329,58.28
165.322,measure,4992.0,888.0,4.4329,58.34
165.422,measure,4992.0,888.0,4.4329,58.31
165.522,measure,4992.0,888.0,4.4329,58.22
165.622,measure,4992.0,888.0,4.4329,58.50
165.723,measure,4992.0,888.0,4.4329,58.53
165.823,measure,4992.0,888.0,4.4329,58.50
165.923,measure,4992.0,888.0,4.4329,58.44
166.023,measure,4992.0,888.0,4.4329,58.34
166.123,measure,4992.0,888.0,4.4329,58.31
166.223,measure,4992.0,888.0,4.4329,58.38
166.323,measure,4992.0,888.0,4.4329,58.31
166.423,measure,4992.0,888.0,4.4329,58.31
166.524,measure,4992.0,888.0,4.4329,58.28
166.624,measure,4992.0,888.0,4.4329,58.53
166.724,measure,4992.0,888.0,4.4329,58.47
166.824,measure,4992.0,888.0,4.4329,58.41
166.924,measure,4992.0,888.0,4.4329,58.38
167.024,measure,4992.0,888.0,4.4329,58.34
167.124,measure,4992.0,888.0,4.4329,58.38
167.224,measure,4992.0,888.0,4.4329,58.25
167.325,measure,4992.0,888.0,4.4329,58.31
167.425,measure,4992.0,888.0,4.4329,58.25
167.525,measure,4992.0,888.0,4.4329,58.53
167.625,measure,4992.0,888.0,4.4329,58.44
167.725,measure,4992.0,888.0,4.4329,58.31
167.825,measure,4992.0,888.0,4.4329,58.44
167.925,measure,4992.0,888.0,4.4329,58.34
168.025,measure,4992.0,888.0,4.4329,58.34
168.125,measure,4992.0,888.0,4.4329,58.31
168.226,measure,4992.0,888.0,4.4329,58.34
168.326,measure,4992.0,888.0,4.4329,58.31
168.426,measure,4992.0,888.0,4.4329,58.50
168.526,measure,4992.0,888.0,4.4329,58.44
168.626,measure,4992.0,888.0,4.4329,58.44
168.726,measure,4992.0,896.0,4.4728,58.31
168.826,measure,4992.0,896.0,4.4728,58.38
168.926,measure,4992.0,896.0,4.4728,58.34
169.027,measure,4992.0,896.0,4.4728,58.28
169.127,measure,4992.0,896.0,4.4728,58.31
169.227,measure,4992.0,896.0,4.4728,58.28
169.327,measure,4992.0,896.0,4.4728,58.28
169.428,measure,4992.0,896.0,4.4728,58.50
169.528,measure,4992.0,896.0,4.4728,58.44
169.628,measure,4992.0,888.0,4.4329,58.41
169.728,measure,4992.0,888.0,4.4329,58.41
169.829,measure,4992.0,888.0,4.4329,58.34
169.929,measure,4992.0,888.0,4.4329,58.38
170.029,measure,4992.0,888.0,4.4329,58.31
170.129,measure,4992.0,888.0,4.4329,58.34
170.229,measure,4992.0,896.0,4.4728,58.25
170.330,measure,4992.0,888.0,4.4329,58.59
170.430,measure,4992.0,888.0,4.4329,58.44
170.530,measure,4992.0,888.0,4.4329,58.34
170.631,measure,4992.0,888.0,4.4329,58.41
170.731,measure,4992.0,888.0,4.4329,58.28
170.831,measure,4992.0,888.0,4.4329,58.41
170.931,measure,4992.0,888.0,4.4329,58.41
171.032,measure,4992.0,888.0,4.4329,58.31
171.132,measure,4992.0,888.0,4.4329,58.31
171.232,measure,4992.0,896.0,4.4728,58.25
171.332,measure,4992.0,896.0,4.4728,58.44
171.433,measure,4992.0,896.0,4.4728,58.47
171.533,measure,4992.0,888.0,4.4329,58.41
171.634,measure,4992.0,888.0,4.4329,58.41
171.734,measure,4992.0,888.0,4.4329,58.38
171.834,measure,4992.0,888.0,4.4329,58.38
171.935,measure,4992.0,888.0,4.4329,58.38
172.035,measure,4992.0,888.0,4.4329,58.31
172.135,measure,4992.0,888.0,4.4329,58.28
172.235,measure,4992.0,896.0,4.4728,58.28
172.336,measure,4992.0,888.0,4.4329,58.41
172.436,measure,4992.0,888.0,4.4329,58.47
172.536,measure,4992.0,888.0,4.4329,58.41
172.637,measure,4992.0,888.0,4.4329,58.41
172.737,measure,4992.0,888.0,4.4329,58.44
172.838,measure,4992.0,888.0,4.4329,58.31
172.938,measure,4992.0,888.0,4.4329,58.34
173.038,measure,4992.0,888.0,4.4329,58.38
173.139,measure,4992.0,888.0,4.4329,58.34
173.239,measure,4992.0,888.0,4.4329,58.25
173.339,measure,4992.0,888.0,4.4329,58.53
173.439,measure,4992.0,888.0,4.4329,58.38
173.540,measure,4992.0,888.0,4.4329,58.41
173.640,measure,4992.0,888.0,4.4329,58.38
173.740,measure,4992.0,888.0,4.4329,58.38
173.840,measure,4992.0,888.0,4.4329,58.34
173.940,measure,4992.0,888.0,4.4329,58.19
174.041,measure,4992.0,888.0,4.4329,58.28
174.141,measure,4992.0,888.0,4.4329,58.34
174.241,measure,4992.0,888.0,4.4329,58.16
174.341,measure,4992.0,896.0,4.4728,58.25
174.441,measure,4992.0,896.0,4.4728,58.44
174.542,measure,4992.0,896.0,4.4728,58.41
174.642,measure,4992.0,896.0,4.4728,58.44
174.742,measure,4992.0,896.0,4.4728,58.34
174.842,measure,4992.0,896.0,4.4728,58.28
174.942,measure,4992.0,896.0,4.4728,58.25
175.042,measure,4992.0,888.0,4.4329,58.22
175.143,measure,4992.0,888.0,4.4329,58.34
175.243,measure,4992.0,888.0,4.4329,58.28
175.343,measure,4992.0,896.0,4.4728,58.44
175.443,measure,4992.0,896.0,4.4728,58.44
175.543,measure,4992.0,896.0,4.4728,58.44
175.644,measure,4992.0,888.0,4.4329,58.41
175.744,measure,4992.0,896.0,4.4728,58.25
175.844,measure,4992.0,896.0,4.4728,58.34
175.944,measure,4992.0,896.0,4.4728,58.31
176.044,measure,4992.0,896.0,4.4728,58.31
176.145,measure,4992.0,888.0,4.4329,58.31
176.245,measure,4992.0,888.0,4.4329,58.28
176.345,measure,4992.0,896.0,4.4728,58.44
176.445,measure,4992.0,896.0,4.4728,58.44
176.545,measure,4992.0,888.0,4.4329,58.38
176.646,measure,4992.0,888.0,4.4329,58.38
176.746,measure,4992.0,888.0,4.4329,58.34
176.846,measure,4992.0,888.0,4.4329,58.28
176.946,measure,4992.0,888.0,4.4329,58.31
177.047,measure,4992.0,888.0,4.4329,58.19
177.147,measure,4992.0,888.0,4.4329,58.22
177.247,measure,4992.0,888.0,4.4329,58.31
177.347,measure,4992.0,896.0,4.4728,58.44
177.447,measure,4992.0,896.0,4.4728,58.44
177.548,measure,4992.0,896.0,4.4728,58.31
177.648,measure,4992.0,896.0,4.4728,58.34
177.748,measure,4992.0,896.0,4.4728,58.31
177.849,measure,4992.0,888.0,4.4329,58.31
177.949,measure,4992.0,888.0,4.4329,58.31
178.049,measure,4992.0,888.0,4.4329,58.28
178.150,measure,4992.0,888.0,4.4329,58.22
178.250,measure,4992.0,888.0,4.4329,58.22
178.350,measure,4992.0,888.0,4.4329,58.41
178.450,measure,4992.0,888.0,4.4329,58.31
178.551,measure,4992.0,888.0,4.4329,58.41
178.651,measure,4992.0,888.0,4.4329,58.28
178.751,measure,4992.0,888.0,4.4329,58.28
178.851,measure,4992.0,888.0,4.4329,58.28
178.951,measure,4992.0,888.0,4.4329,58.22
179.051,measure,4992.0,888.0,4.4329,58.25
179.152,measure,4992.0,888.0,4.4329,58.28
179.252,measure,4992.0,888.0,4.4329,58.34
179.352,measure,4992.0,888.0,4.4329,58.44
179.452,measure,4992.0,888.0,4.4329,58.25
179.552,measure,4992.0,888.0,4.4329,58.25
179.652,measure,4992.0,888.0,4.4329,58.38
179.752,measure,4992.0,888.0,4.4329,58.25
179.852,measure,4992.0,888.0,4.4329,58.31
179.952,measure,4992.0,888.0,4.4329,58.25
180.053,measure,4992.0,888.0,4.4329,58.25
180.153,measure,4992.0,888.0,4.4329,58.44
180.253,measure,4992.0,888.0,4.4329,58.41
180.353,measure,4992.0,888.0,4.4329,58.44
180.453,measure,4992.0,888.0,4.4329,58.31
180.554,measure,4992.0,888.0,4.4329,58.41
180.654,measure,4992.0,888.0,4.4329,58.34
180.754,measure,4992.0,888.0,4.4329,58.28
180.854,measure,4992.0,888.0,4.4329,58.16
180.954,measure,4992.0,888.0,4.4329,58.22
181.054,measure,4992.0,888.0,4.4329,58.38
181.154,measure,4992.0,888.0,4.4329,58.38
181.254,measure,4992.0,888.0,4.4329,58.31
181.355,measure,4992.0,888.0,4.4329,58.34
181.455,measure,4992.0,888.0,4.4329,58.34
181.555,measure,4992.0,888.0,4.4329,58.22
181.655,measure,4992.0,888.0,4.4329,58.28
181.755,measure,4992.0,888.0,4.4329,58.25
181.855,measure,4992.0,888.0,4.4329,58.28
181.955,measure,4992.0,888.0,4.4329,58.44
182.056,measure,4992.0,888.0,4.4329,58.44
182.156,measure,4992.0,888.0,4.4329,58.34
182.256,measure,4992.0,888.0,4.4329,58.38
182.356,measure,4992.0,888.0,4.4329,58.38
182.456,measure,4992.0,888.0,4.4329,58.25
182.556,measure,4992.0,888.0,4.4329,58.38
182.656,measure,4992.0,888.0,4.4329,58.19
182.756,measure,4992.0,888.0,4.4329,58.19
182.857,measure,4992.0,888.0,4.4329,58.44
182.957,measure,4992.0,888.0,4.4329,58.44
183.057,measure,4992.0,888.0,4.4329,58.31
183.157,measure,4992.0,888.0,4.4329,58.28
183.257,measure,4992.0,888.0,4.4329,58.34
183.357,measure,4992.0,888.0,4.4329,58.25
183.457,measure,4992.0,888.0,4.4329,58.38
183.557,measure,4992.0,888.0,4.4329,58.25
183.658,measure,4992.0,888.0,4.4329,58.25
183.758,measure,4992.0,888.0,4.4329,58.44
183.858,measure,4992.0,888.0,4.4329,58.47
183.958,measure,4992.0,888.0,4.4329,58.38
184.058,measure,4992.0,888.0,4.4329,58.34
184.158,measure,4992.0,888.0,4.4329,58.38
184.259,measure,4992.0,888.0,4.4329,58.31
184.359,measure,4992.0,888.0,4.4329,58.31
184.459,measure,4992.0,888.0,4.4329,58.16
184.559,measure,4992.0,896.0,4.4728,58.28
184.659,measure,4992.0,896.0,4.4728,58.44
184.759,measure,4992.0,896.0,4.4728,58.41
184.860,measure,4992.0,896.0,4.4728,58.41
184.960,measure,4992.0,896.0,4.4728,58.34
185.060,measure,4992.0,888.0,4.4329,58.38
185.160,measure,4992.0,888.0,4.4329,58.25
185.260,measure,4992.0,888.0,4.4329,58.31
185.360,measure,4992.0,888.0,4.4329,58.28
185.460,measure,4992.0,888.0,4.4329,58.28
185.560,measure,4992.0,888.0,4.4329,58.44
185.661,measure,4992.0,888.0,4.4329,58.44
185.761,measure,4992.0,888.0,4.4329,58.34
185.861,measure,4992.0,888.0,4.4329,58.34
185.961,measure,4992.0,888.0,4.4329,58.34
186.061,measure,4992.0,888.0,4.4329,58.31
186.161,measure,4992.0,888.0,4.4329,58.28
186.261,measure,4992.0,888.0,4.4329,58.31
186.361,measure,4992.0,888.0,4.4329,58.28
186.462,measure,4992.0,888.0,4.4329,58.44
186.562,measure,4992.0,888.0,4.4329,58.41
186.662,measure,4992.0,888.0,4.4329,58.38
186.762,measure,4992.0,888.0,4.4329,58.41
186.862,measure,4992.0,888.0,4.4329,58.31
186.962,measure,4992.0,888.0,4.4329,58.38
187.062,measure,4992.0,888.0,4.4329,58.28
187.162,measure,4992.0,888.0,4.4329,58.28
187.263,measure,4992.0,888.0,4.4329,58.34
187.363,measure,4992.0,888.0,4.4329,58.44
187.463,measure,4992.0,888.0,4.4329,58.41
187.563,measure,4992.0,888.0,4.4329,58.34
187.663,measure,4992.0,888.0,4.4329,58.41
187.763,measure,4992.0,888.0,4.4329,58.41
187.863,measure,4992.0,888.0,4.4329,58.31
187.964,measure,4992.0,888.0,4.4329,58.22
188.064,measure,4992.0,888.0,4.4329,58.22
188.164,measure,4992.0,888.0,4.4329,58.28
188.264,measure,4992.0,888.0,4.4329,58.47
188.364,measure,4992.0,888.0,4.4329,58.44
188.465,measure,4992.0,888.0,4.4329,58.44
188.565,measure,4992.0,888.0,4.4329,58.31
188.665,measure,4992.0,888.0,4.4329,58.34
188.765,measure,4992.0,888.0,4.4329,58.34
188.865,measure,4992.0,888.0,4.4329,58.22
188.965,measure,4992.0,888.0,4.4329,58.31
189.065,measure,4992.0,888.0,4.4329,58.25
189.165,measure,4992.0,888.0,4.4329,58.53
189.265,measure,4992.0,888.0,4.4329,58.41
189.366,measure,4992.0,888.0,4.4329,58.44
189.466,measure,4992.0,888.0,4.4329,58.41
189.566,measure,4992.0,888.0,4.4329,58.38
189.666,measure,4992.0,888.0,4.4329,58.28
189.766,measure,4992.0,888.0,4.4329,58.31
189.866,measure,4992.0,888.0,4.4329,58.28
189.966,measure,4992.0,888.0,4.4329,58.25
190.066,measure,4992.0,888.0,4.4329,58.19
190.166,measure,4992.0,888.0,4.4329,58.56
190.267,measure,4992.0,888.0,4.4329,58.44
