mode,R,theta,sweep_k,fps,open_frac,frames,opens,infer_count,infer_us_mean,infer_us_max,max_closed_run,person,noperson,heap_free,psram_free,power_on,ina219,power_mw_mean,power_samples,tag,host_time
active,10,8.0,10,13.07,1.0,17,17,17,70434.1,70646,0,13,-13,8505883,8200848,0,0,0.0,0,active,1784253321.784
active,10,8.0,10,13.1,1.0,24,24,24,71181.2,88211,0,19,-19,8505667,8200848,0,0,0.0,0,active,1784253322.316
active,10,8.0,10,13.11,1.0,31,31,31,71590.5,88233,0,4,-4,8505667,8200848,0,0,0.0,0,active,1784253322.847
active,10,8.0,10,13.47,1.0,39,39,39,71813.2,88233,0,14,-14,8505667,8200848,0,0,0.0,0,active,1784253323.379
active,10,8.0,10,13.42,1.0,46,46,46,71994.8,88416,0,14,-14,8505667,8200848,0,0,0.0,0,active,1784253323.911
active,10,8.0,10,13.39,1.0,53,53,53,72128.7,88416,0,21,-21,8505667,8200848,0,0,0.0,0,active,1784253324.441
active,10,8.0,10,13.36,1.0,60,60,60,72233.6,88474,0,24,-24,8505667,8200848,0,0,0.0,0,active,1784253324.973
active,10,8.0,10,13.34,1.0,67,67,67,72318.3,88603,0,11,-11,8505451,8200848,0,0,0.0,0,active,1784253325.504
active,10,8.0,10,13.33,1.0,74,74,74,72380.9,88603,0,11,-11,8505451,8200848,0,0,0.0,0,active,1784253326.036
active,10,8.0,10,13.48,1.0,82,82,82,72410.8,88603,0,6,-6,8505451,8200848,0,0,0.0,0,active,1784253326.567
active,10,8.0,10,13.45,1.0,89,89,89,72454.1,88603,0,21,-21,8505451,8200848,0,0,0.0,0,active,1784253327.099
active,10,8.0,10,13.43,1.0,96,96,96,72493.4,88603,0,21,-21,8505451,8200848,0,0,0.0,0,active,1784253327.629
active,10,8.0,10,13.42,1.0,103,103,103,72527.6,88603,0,13,-13,8505451,8200848,0,0,0.0,0,active,1784253328.161
active,10,8.0,10,13.4,1.0,110,110,110,72561.4,88893,0,11,-11,8505451,8200848,0,0,0.0,0,active,1784253328.694
active,10,8.0,10,13.38,1.0,117,117,117,72591.0,88893,0,11,-11,8505451,8200848,0,0,0.0,0,active,1784253329.226
active,10,8.0,10,13.37,1.0,124,124,124,72614.8,88893,0,19,-19,8505451,8200848,0,0,0.0,0,active,1784253329.758
active,10,8.0,10,13.46,1.0,132,132,132,72614.3,88893,0,19,-19,8505451,8200848,0,0,0.0,0,active,1784253330.289
active,10,8.0,10,13.45,1.0,139,139,139,72635.1,88893,0,19,-19,8505451,8200848,0,0,0.0,0,active,1784253330.822
active,10,8.0,10,13.43,1.0,146,146,146,72653.4,88893,0,14,-14,8505451,8200848,0,0,0.0,0,active,1784253331.354
active,10,8.0,10,13.42,1.0,153,153,153,72670.8,88893,0,13,-13,8505451,8200848,0,0,0.0,0,active,1784253331.885
active,10,8.0,10,13.41,1.0,160,160,160,72687.7,88911,0,10,-10,8505451,8200848,0,0,0.0,0,active,1784253332.416
active,10,8.0,10,13.4,1.0,167,167,167,72703.1,88911,0,6,-6,8505451,8200848,0,0,0.0,0,active,1784253332.949
active,10,8.0,10,13.46,1.0,175,175,175,72698.6,88911,0,17,-17,8505451,8200848,0,0,0.0,0,active,1784253333.481
active,10,8.0,10,13.45,1.0,182,182,182,72609.3,88911,0,13,-13,8505451,8200848,0,0,0.0,0,active,1784253334.012
active,10,8.0,10,13.44,1.0,189,189,189,72624.4,88911,0,8,-8,8505451,8200848,0,0,0.0,0,active,1784253334.544
active,10,8.0,10,13.43,1.0,196,196,196,72637.8,88911,0,16,-16,8505451,8200848,0,0,0.0,0,active,1784253335.076
active,10,8.0,10,13.42,1.0,203,203,203,72651.4,88911,0,20,-20,8505451,8200848,0,0,0.0,0,active,1784253335.606
active,10,8.0,10,13.41,1.0,210,210,210,72664.9,88911,0,14,-14,8505451,8200848,0,0,0.0,0,active,1784253336.139
active,10,8.0,10,13.41,1.0,217,217,217,72677.3,88911,0,14,-14,8505451,8200848,0,0,0.0,0,active,1784253336.669
idle,10,8.0,10,23.07,0.1333,30,4,4,70717.8,71192,9,14,-14,8505451,8200848,0,0,0.0,0,idle_R10,1784253338.702
idle,10,8.0,10,22.38,0.122,41,5,5,70740.6,71192,9,10,-10,8505451,8200848,0,0,0.0,0,idle_R10,1784253339.233
idle,10,8.0,10,22.43,0.1321,53,7,7,73233.0,88243,9,13,-13,8505451,8200848,0,0,0.0,0,idle_R10,1784253339.764
idle,10,8.0,10,22.46,0.1231,65,8,8,72932.0,88243,9,13,-13,8505451,8200848,0,0,0.0,0,idle_R10,1784253340.296
idle,10,8.0,10,22.48,0.1169,77,9,9,72697.4,88243,9,14,-14,8505451,8200848,0,0,0.0,0,idle_R10,1784253340.827
idle,10,8.0,10,22.49,0.1124,89,10,10,72510.0,88243,9,16,-16,8505451,8200848,0,0,0.0,0,idle_R10,1784253341.359
idle,10,8.0,10,22.5,0.1089,101,11,11,72356.5,88243,9,10,-10,8505451,8200848,0,0,0.0,0,idle_R10,1784253341.89
idle,10,8.0,10,22.11,0.1081,111,12,12,73702.4,88507,9,14,-14,8505451,8200848,0,0,0.0,0,idle_R10,1784253342.422
idle,10,8.0,10,22.16,0.1138,123,14,14,74550.7,88634,9,5,-5,8505451,8200848,0,0,0.0,0,idle_R10,1784253342.954
idle,10,8.0,10,22.19,0.1111,135,15,15,74298.3,88634,9,18,-18,8505451,8200848,0,0,0.0,0,idle_R10,1784253343.485
idle,10,8.0,10,22.37,0.1081,148,16,16,74078.9,88634,9,16,-16,8505451,8200848,0,0,0.0,0,idle_R10,1784253344.016
idle,10,8.0,10,22.39,0.1062,160,17,17,73886.5,88634,9,14,-14,8505451,8200848,0,0,0.0,0,idle_R10,1784253344.549
idle,10,8.0,10,22.27,0.1053,171,18,18,73718.0,88634,9,18,-18,8505451,8200848,0,0,0.0,0,idle_R10,1784253345.081
idle,10,8.0,10,22.29,0.1093,183,20,20,74306.8,88634,9,-1,1,8505451,8200848,0,0,0.0,0,idle_R10,1784253345.612
idle,10,8.0,10,22.31,0.1077,195,21,21,74140.5,88634,9,14,-14,8505451,8200848,0,0,0.0,0,idle_R10,1784253346.143
idle,10,8.0,10,22.32,0.1063,207,22,22,73989.8,88634,9,18,-18,8505451,8200848,0,0,0.0,0,idle_R10,1784253346.674
idle,10,8.0,10,22.34,0.105,219,23,23,73852.4,88634,9,2,-2,8505451,8200848,0,0,0.0,0,idle_R10,1784253347.206
idle,10,8.0,10,22.35,0.1039,231,24,24,73726.8,88634,9,14,-14,8505451,8200848,0,0,0.0,0,idle_R10,1784253347.737
idle,10,8.0,10,22.18,0.1037,241,25,25,74314.6,88634,9,13,-13,8505451,8200848,0,0,0.0,0,idle_R10,1784253348.269
idle,10,8.0,10,22.19,0.1067,253,27,27,74707.9,88634,9,10,-10,8505451,8200848,0,0,0.0,0,idle_R10,1784253348.801
idle,10,8.0,10,22.29,0.1053,266,28,28,74567.5,88634,9,14,-14,8505451,8200848,0,0,0.0,0,idle_R10,1784253349.333
idle,10,8.0,10,22.31,0.1043,278,29,29,74436.7,88634,9,6,-6,8505451,8200848,0,0,0.0,0,idle_R10,1784253349.865
idle,10,8.0,10,22.32,0.1034,290,30,30,74314.7,88634,9,18,-18,8505451,8200848,0,0,0.0,0,idle_R10,1784253350.395
idle,10,8.0,10,22.25,0.103,301,31,31,74202.1,88634,9,13,-13,8505451,8200848,0,0,0.0,0,idle_R10,1784253350.927
idle,10,8.0,10,22.27,0.1054,313,33,33,74530.8,88634,9,14,-14,8505451,8200848,0,0,0.0,0,idle_R10,1784253351.458
idle,10,8.0,10,22.28,0.1046,325,34,34,74421.2,88634,9,18,-18,8505451,8200848,0,0,0.0,0,idle_R10,1784253351.989
idle,10,8.0,10,22.29,0.1039,337,35,35,74318.8,88634,9,21,-21,8505451,8200848,0,0,0.0,0,idle_R10,1784253352.521
idle,10,8.0,10,22.36,0.1029,350,36,36,74221.9,88634,9,8,-8,8505451,8200848,0,0,0.0,0,idle_R10,1784253353.053
idle,10,8.0,10,22.31,0.1025,361,37,37,74129.9,88634,9,15,-15,8505451,8200848,0,0,0.0,0,idle_R10,1784253353.585
sweep,10,8.0,10,23.84,0.129,31,4,4,70764.0,71214,9,14,-14,8505451,8200848,0,0,0.0,0,sweep_k10,1784253355.418
sweep,10,8.0,10,22.38,0.122,41,5,5,70767.4,71214,9,10,-10,8505451,8200848,0,0,0.0,0,sweep_k10,1784253355.95
sweep,10,8.0,10,22.42,0.1321,53,7,7,73274.0,88425,9,17,-17,8505451,8200848,0,0,0.0,0,sweep_k10,1784253356.482
sweep,10,8.0,10,22.79,0.1212,66,8,8,72960.8,88425,9,13,-13,8505451,8200848,0,0,0.0,0,sweep_k10,1784253357.013
sweep,10,8.0,10,22.76,0.1154,78,9,9,72717.3,88425,9,10,-10,8505451,8200848,0,0,0.0,0,sweep_k10,1784253357.545
sweep,10,8.0,10,22.74,0.1111,90,10,10,72523.7,88425,9,16,-16,8505451,8200848,0,0,0.0,0,sweep_k10,1784253358.077
sweep,10,8.0,10,22.49,0.1089,101,11,11,72368.4,88425,9,10,-10,8505451,8200848,0,0,0.0,0,sweep_k10,1784253358.609
sweep,10,8.0,10,22.49,0.115,113,13,13,73495.3,88729,9,12,-12,8505451,8200848,0,0,0.0,0,sweep_k10,1784253359.141
sweep,10,8.0,10,22.5,0.112,125,14,14,73302.4,88729,9,10,-10,8505451,8200848,0,0,0.0,0,sweep_k10,1784253359.673
sweep,10,8.0,10,22.5,0.1095,137,15,15,73137.9,88729,9,18,-18,8505451,8200848,0,0,0.0,0,sweep_k10,1784253360.205
sweep,10,8.0,10,22.66,0.1067,150,16,16,72994.1,88729,9,19,-19,8505451,8200848,0,0,0.0,0,sweep_k10,1784253360.736
sweep,10,8.0,10,22.52,0.1056,161,17,17,72867.3,88729,9,13,-13,8505451,8200848,0,0,0.0,0,sweep_k10,1784253361.268
sweep,10,8.0,10,22.26,0.1053,171,18,18,73740.4,88729,9,11,-11,8505451,8200848,0,0,0.0,0,sweep_k10,1784253361.799
sweep,10,8.0,10,22.4,0.1087,184,20,20,74328.3,88729,9,10,-10,8505451,8200848,0,0,0.0,0,sweep_k10,1784253362.331
sweep,10,8.0,10,22.41,0.1071,196,21,21,74158.9,88729,9,15,-15,8505451,8200848,0,0,0.0,0,sweep_k10,1784253362.864
sweep,10,8.0,10,22.42,0.1058,208,22,22,74005.4,88729,9,16,-16,8505451,8200848,0,0,0.0,0,sweep_k10,1784253363.395
sweep,10,8.0,10,22.43,0.1045,220,23,23,73865.0,88729,9,8,-8,8505451,8200848,0,0,0.0,0,sweep_k10,1784253363.927
sweep,10,8.0,10,22.34,0.1039,231,24,24,73736.4,88729,9,15,-15,8505451,8200848,0,0,0.0,0,sweep_k10,1784253364.46
sweep,10,8.0,10,22.35,0.107,243,26,26,74192.5,88729,9,14,-14,8505451,8200848,0,0,0.0,0,sweep_k10,1784253364.991
sweep,10,8.0,10,22.36,0.1059,255,27,27,74065.7,88729,9,8,-8,8505451,8200848,0,0,0.0,0,sweep_k10,1784253365.524
sweep,10,8.0,10,22.45,0.1045,268,28,28,73949.9,88729,9,18,-18,8505451,8200848,0,0,0.0,0,sweep_k10,1784253366.057
sweep,10,8.0,10,22.45,0.1036,280,29,29,73841.9,88729,9,14,-14,8505451,8200848,0,0,0.0,0,sweep_k10,1784253366.587
sweep,10,8.0,10,22.38,0.1031,291,30,30,73742.0,88729,9,15,-15,8505451,8200848,0,0,0.0,0,sweep_k10,1784253367.119
sweep,10,8.0,10,22.39,0.1056,303,32,32,74106.5,88729,9,18,-18,8505451,8200848,0,0,0.0,0,sweep_k10,1784253367.651
sweep,10,8.0,10,22.4,0.1048,315,33,33,74007.2,88729,9,10,-10,8505451,8200848,0,0,0.0,0,sweep_k10,1784253368.183
sweep,10,8.0,10,22.4,0.104,327,34,34,73913.7,88729,9,18,-18,8505451,8200848,0,0,0.0,0,sweep_k10,1784253368.715
sweep,10,8.0,10,22.41,0.1032,339,35,35,73825.3,88729,9,13,-13,8505451,8200848,0,0,0.0,0,sweep_k10,1784253369.246
sweep,10,8.0,10,22.41,0.1026,351,36,36,73742.0,88729,9,5,-5,8505451,8200848,0,0,0.0,0,sweep_k10,1784253369.778
sweep,10,8.0,10,22.29,0.1025,361,37,37,74137.9,88729,9,13,-13,8505451,8200848,0,0,0.0,0,sweep_k10,1784253370.31
sweep,10,8.0,5,20.76,0.2222,27,6,6,70641.0,70697,4,10,-10,8505451,8200848,0,0,0.0,0,sweep_k5,1784253372.143
sweep,10,8.0,5,20.74,0.2105,38,8,8,70664.2,70811,4,19,-19,8505451,8200848,0,0,0.0,0,sweep_k5,1784253372.675
sweep,10,8.0,5,20.73,0.2041,49,10,10,70676.2,70818,4,7,-7,8505451,8200848,0,0,0.0,0,sweep_k5,1784253373.207
sweep,10,8.0,5,20.72,0.2,60,12,12,70686.0,70818,4,18,-18,8505451,8200848,0,0,0.0,0,sweep_k5,1784253373.739
sweep,10,8.0,5,20.42,0.2,70,14,14,71957.0,88469,4,6,-6,8505451,8200848,0,0,0.0,0,sweep_k5,1784253374.271
sweep,10,8.0,5,20.2,0.2,80,16,16,72900.7,88469,4,6,-6,8505451,8200848,0,0,0.0,0,sweep_k5,1784253374.803
sweep,10,8.0,5,20.04,0.2,90,18,18,73629.5,88469,4,13,-13,8505451,8200848,0,0,0.0,0,sweep_k5,1784253375.334
sweep,10,8.0,5,19.9,0.2,100,20,20,74222.6,88469,4,10,-10,8505451,8200848,0,0,0.0,0,sweep_k5,1784253375.866
sweep,10,8.0,5,19.8,0.2,110,22,22,74719.1,88722,4,18,-18,8505451,8200848,0,0,0.0,0,sweep_k5,1784253376.398
sweep,10,8.0,5,20.04,0.2049,122,25,25,74945.2,88722,4,13,-13,8505451,8200848,0,0,0.0,0,sweep_k5,1784253376.929
sweep,10,8.0,5,20.1,0.203,133,27,27,74633.8,88722,4,10,-10,8505451,8200848,0,0,0.0,0,sweep_k5,1784253377.461
sweep,10,8.0,5,20.14,0.2014,144,29,29,74365.1,88722,4,18,-18,8505451,8200848,0,0,0.0,0,sweep_k5,1784253377.991
sweep,10,8.0,5,20.18,0.2,155,31,31,74130.9,88722,4,18,-18,8505451,8200848,0,0,0.0,0,sweep_k5,1784253378.523
sweep,10,8.0,5,20.09,0.2,165,33,33,73926.4,88722,4,13,-13,8505451,8200848,0,0,0.0,0,sweep_k5,1784253379.056
sweep,10,8.0,5,20.01,0.2,175,35,35,74251.4,88722,4,16,-16,8505451,8200848,0,0,0.0,0,sweep_k5,1784253379.587
sweep,10,8.0,5,19.94,0.2,185,37,37,74543.6,88722,4,20,-20,8505451,8200848,0,0,0.0,0,sweep_k5,1784253380.119
sweep,10,8.0,5,20.09,0.203,197,40,40,74699.3,88722,4,14,-14,8505451,8200848,0,0,0.0,0,sweep_k5,1784253380.65
sweep,10,8.0,5,20.12,0.2019,208,42,42,74510.5,88722,4,6,-6,8505451,8200848,0,0,0.0,0,sweep_k5,1784253381.182
sweep,10,8.0,5,20.14,0.2009,219,44,44,74339.4,88722,4,14,-14,8505451,8200848,0,0,0.0,0,sweep_k5,1784253381.714
sweep,10,8.0,5,20.17,0.2,230,46,46,74182.6,88722,4,20,-20,8505451,8200848,0,0,0.0,0,sweep_k5,1784253382.247
sweep,10,8.0,5,20.11,0.2,240,48,48,74040.4,88722,4,13,-13,8505451,8200848,0,0,0.0,0,sweep_k5,1784253382.779
sweep,10,8.0,5,20.05,0.2,250,50,50,74263.4,88722,4,14,-14,8505451,8200848,0,0,0.0,0,sweep_k5,1784253383.311
sweep,10,8.0,5,20.0,0.2,260,52,52,74469.3,88722,4,9,-9,8505451,8200848,0,0,0.0,0,sweep_k5,1784253383.841
sweep,10,8.0,5,20.1,0.2022,272,55,55,74581.7,88722,4,16,-16,8505451,8200848,0,0,0.0,0,sweep_k5,1784253384.373
sweep,10,8.0,5,20.12,0.2014,283,57,57,74446.7,88722,4,18,-18,8505451,8200848,0,0,0.0,0,sweep_k5,1784253384.904
sweep,10,8.0,5,20.14,0.2007,294,59,59,74320.7,88722,4,19,-19,8505451,8200848,0,0,0.0,0,sweep_k5,1784253385.436
sweep,10,8.0,5,20.16,0.2,305,61,61,74203.3,88722,4,12,-12,8505451,8200848,0,0,0.0,0,sweep_k5,1784253385.968
sweep,10,8.0,5,20.12,0.2,315,63,63,74096.6,88722,4,13,-13,8505451,8200848,0,0,0.0,0,sweep_k5,1784253386.499
sweep,10,8.0,5,20.07,0.2,325,65,65,74264.6,88722,4,16,-16,8505451,8200848,0,0,0.0,0,sweep_k5,1784253387.032
sweep,10,8.0,2,16.15,0.5238,21,11,11,70574.9,71291,1,13,-13,8505451,8200848,0,0,0.0,0,sweep_k2,1784253388.864
sweep,10,8.0,2,15.83,0.5172,29,15,15,71751.5,88375,1,21,-21,8505451,8200848,0,0,0.0,0,sweep_k2,1784253389.396
sweep,10,8.0,2,15.65,0.5135,37,19,19,72429.4,88384,1,5,-5,8505451,8200848,0,0,0.0,0,sweep_k2,1784253389.927
sweep,10,8.0,2,16.23,0.5106,47,24,24,72758.9,88384,1,18,-18,8505451,8200848,0,0,0.0,0,sweep_k2,1784253390.46
sweep,10,8.0,2,16.05,0.5091,55,28,28,72444.0,88384,1,8,-8,8505451,8200848,0,0,0.0,0,sweep_k2,1784253390.992
sweep,10,8.0,2,15.91,0.5079,63,32,32,72756.5,88384,1,12,-12,8505451,8200848,0,0,0.0,0,sweep_k2,1784253391.524
sweep,10,8.0,2,15.81,0.507,71,36,36,72994.7,88384,1,13,-13,8505451,8200848,0,0,0.0,0,sweep_k2,1784253392.055
sweep,10,8.0,2,15.73,0.5063,79,40,40,73187.0,88384,1,11,-11,8505451,8200848,0,0,0.0,0,sweep_k2,1784253392.586
sweep,10,8.0,2,15.66,0.5057,87,44,44,73350.2,88400,1,25,-25,8505451,8200848,0,0,0.0,0,sweep_k2,1784253393.117
sweep,10,8.0,2,15.61,0.5053,95,48,48,73486.3,88433,1,9,-9,8505451,8200848,0,0,0.0,0,sweep_k2,1784253393.649
sweep,10,8.0,2,15.87,0.5048,105,53,53,73535.8,88433,1,14,-14,8505451,8200848,0,0,0.0,0,sweep_k2,1784253394.181
sweep,10,8.0,2,15.81,0.5044,113,57,57,73326.3,88433,1,18,-18,8505451,8200848,0,0,0.0,0,sweep_k2,1784253394.713
sweep,10,8.0,2,15.75,0.5041,121,61,61,73437.5,88466,1,18,-18,8505451,8200848,0,0,0.0,0,sweep_k2,1784253395.245
sweep,10,8.0,2,15.71,0.5039,129,65,65,73526.7,88466,1,7,-7,8505451,8200848,0,0,0.0,0,sweep_k2,1784253395.777
sweep,10,8.0,2,15.67,0.5036,137,69,69,73607.2,88466,1,21,-21,8505451,8200848,0,0,0.0,0,sweep_k2,1784253396.309
sweep,10,8.0,2,15.63,0.5034,145,73,73,73683.9,88502,1,8,-8,8505451,8200848,0,0,0.0,0,sweep_k2,1784253396.841
sweep,10,8.0,2,15.8,0.5032,155,78,78,73708.4,88502,1,15,-15,8505451,8200848,0,0,0.0,0,sweep_k2,1784253397.371
sweep,10,8.0,2,15.76,0.5031,163,82,82,73554.5,88502,1,11,-11,8505451,8200848,0,0,0.0,0,sweep_k2,1784253397.902
sweep,10,8.0,2,15.73,0.5029,171,86,86,73621.5,88502,1,12,-12,8505451,8200848,0,0,0.0,0,sweep_k2,1784253398.434
sweep,10,8.0,2,15.7,0.5028,179,90,90,73682.8,88502,1,18,-18,8505451,8200848,0,0,0.0,0,sweep_k2,1784253398.967
sweep,10,8.0,2,15.67,0.5027,187,94,94,73737.4,88502,1,13,-13,8505451,8200848,0,0,0.0,0,sweep_k2,1784253399.499
sweep,10,8.0,2,15.64,0.5026,195,98,98,73786.1,88502,1,9,-9,8505451,8200848,0,0,0.0,0,sweep_k2,1784253400.031
sweep,10,8.0,2,15.62,0.5025,203,102,102,73832.2,88502,1,10,-10,8505451,8200848,0,0,0.0,0,sweep_k2,1784253400.562
sweep,10,8.0,2,15.74,0.5023,213,107,107,73845.6,88570,1,13,-13,8505451,8200848,0,0,0.0,0,sweep_k2,1784253401.094
sweep,10,8.0,2,15.72,0.5023,221,111,111,73726.9,88570,1,17,-17,8505451,8200848,0,0,0.0,0,sweep_k2,1784253401.625
sweep,10,8.0,2,15.69,0.5022,229,115,115,73772.5,88570,1,5,-5,8505451,8200848,0,0,0.0,0,sweep_k2,1784253402.157
sweep,10,8.0,2,15.67,0.5021,237,119,119,73814.4,88570,1,15,-15,8505451,8200848,0,0,0.0,0,sweep_k2,1784253402.689
sweep,10,8.0,2,15.65,0.502,245,123,123,73852.5,88570,1,13,-13,8505451,8200848,0,0,0.0,0,sweep_k2,1784253403.221
sweep,10,8.0,2,15.63,0.502,253,127,127,73889.7,88599,1,13,-13,8505451,8200848,0,0,0.0,0,sweep_k2,1784253403.753
