host_time,person,noperson,infer_count,fps
1785334042.968,-53,53,7,13.98
1785334043.199,-54,54,10,13.66
1785334043.43,-53,53,12,12.46
1785334043.662,-50,50,15,12.55
1785334043.893,-49,49,18,12.62
1785334044.125,-53,53,21,12.67
1785334044.356,-52,52,24,12.71
1785334044.586,-51,51,27,12.74
1785334044.818,-53,53,30,12.76
1785334045.049,-51,51,33,12.78
1785334045.281,-49,49,36,12.8
1785334045.511,-50,50,38,12.48
1785334045.743,-47,47,41,12.52
1785334045.974,-48,48,44,12.55
1785334046.205,-47,47,47,12.57
1785334046.436,-49,49,50,12.6
1785334046.667,-52,52,53,12.62
1785334046.898,-51,51,56,12.64
1785334047.129,-51,51,59,12.65
1785334047.361,-49,49,62,12.67
1785334047.592,-48,48,64,12.49
1785334047.823,-52,52,67,12.51
1785334048.054,-52,52,70,12.53
1785334048.285,-51,51,73,12.55
1785334048.516,-53,53,76,12.56
1785334048.748,-52,52,79,12.58
1785334048.979,-49,49,82,12.59
1785334049.21,-52,52,85,12.61
1785334049.441,-49,49,88,12.62
1785334049.674,-48,48,90,12.49
1785334049.905,-52,52,93,12.5
1785334050.135,-50,50,96,12.52
1785334050.366,-50,50,99,12.53
1785334050.598,-51,51,102,12.55
1785334050.829,-51,51,105,12.56
1785334051.06,-49,49,108,12.57
1785334051.292,-52,52,111,12.58
1785334051.523,-46,46,114,12.59
1785334051.755,-52,52,116,12.49
1785334051.987,-49,49,119,12.5
1785334052.219,-49,49,122,12.51
1785334052.45,-47,47,125,12.52
1785334052.68,-51,51,128,12.53
1785334052.913,-51,51,131,12.54
1785334053.144,-49,49,134,12.55
1785334053.376,-53,53,137,12.56
1785334053.607,-51,51,140,12.57
1785334053.838,-49,49,143,12.58
1785334054.069,-52,52,145,12.5
1785334054.301,-51,51,148,12.51
1785334054.532,-55,55,151,12.52
1785334054.763,-53,53,154,12.52
1785334054.994,-51,51,157,12.53
1785334055.226,-53,53,160,12.54
1785334055.458,-49,49,163,12.55
1785334055.69,-51,51,166,12.55
1785334055.922,-51,51,169,12.56
1785334056.152,-51,51,171,12.5
1785334056.384,-48,48,174,12.5
1785334056.616,-51,51,177,12.51
1785334056.846,-48,48,180,12.52
1785334057.078,-51,51,183,12.53
1785334057.31,-53,53,186,12.53
1785334057.541,-52,52,189,12.54
1785334057.772,-51,51,192,12.55
1785334058.003,-56,56,195,12.55
1785334058.235,-51,51,197,12.49
1785334058.466,-55,55,200,12.5
1785334058.697,-55,55,203,12.51
1785334058.929,-51,51,206,12.51
1785334059.16,-51,51,209,12.52
1785334059.391,-49,49,212,12.53
1785334059.622,-51,51,215,12.53
1785334059.853,-51,51,218,12.54
1785334060.085,-53,53,221,12.54
1785334060.316,-51,51,223,12.49
1785334060.548,-49,49,226,12.5
1785334060.78,-49,49,229,12.51
1785334061.011,-50,50,232,12.51
1785334061.242,-51,51,235,12.52
1785334061.474,-53,53,238,12.52
1785334061.704,-51,51,241,12.53
1785334061.937,-51,51,244,12.53
1785334062.168,-49,49,247,12.54
1785334062.399,-50,50,250,12.54
1785334062.631,-51,51,252,12.5
1785334062.862,-49,49,255,12.5
