iso_time,volts,amps,watts
2026-07-31T14:58:06.882,5.020,0.101,0.5070
2026-07-31T14:58:07.880,5.000,0.099,0.4950
2026-07-31T14:58:08.881,5.010,0.097,0.4860
2026-07-31T14:58:09.881,5.000,0.100,0.5000
2026-07-31T14:58:10.881,4.990,0.105,0.5240
2026-07-31T14:58:11.881,5.000,0.099,0.4950
2026-07-31T14:58:12.881,4.990,0.106,0.5290
2026-07-31T14:58:13.881,5.010,0.099,0.4960
2026-07-31T14:58:14.881,5.000,0.101,0.5050
2026-07-31T14:58:15.881,5.000,0.091,0.4550
2026-07-31T14:58:16.882,5.000,0.100,0.5000
2026-07-31T14:58:17.881,5.000,0.098,0.4900
2026-07-31T14:58:18.882,4.990,0.099,0.4940
2026-07-31T14:58:19.881,5.000,0.099,0.4950
2026-07-31T14:58:20.881,5.020,0.102,0.5120
2026-07-31T14:58:21.881,5.000,0.106,0.5300
2026-07-31T14:58:22.881,5.010,0.089,0.4460
2026-07-31T14:58:23.880,5.010,0.107,0.5360
2026-07-31T14:58:24.881,5.000,0.100,0.5000
2026-07-31T14:58:25.881,5.000,0.103,0.5150
2026-07-31T14:58:26.881,5.000,0.101,0.5050
2026-07-31T14:58:27.881,5.010,0.099,0.4960
2026-07-31T14:58:28.881,5.000,0.100,0.5000
2026-07-31T14:58:29.881,5.000,0.103,0.5150
2026-07-31T14:58:30.880,5.010,0.102,0.5110
2026-07-31T14:58:31.881,4.990,0.100,0.4990
2026-07-31T14:58:32.880,5.020,0.100,0.5020
2026-07-31T14:58:33.883,5.000,0.098,0.4900
2026-07-31T14:58:34.881,4.980,0.099,0.4930
2026-07-31T14:58:35.880,4.990,0.096,0.4790
2026-07-31T14:58:36.881,5.010,0.097,0.4860
2026-07-31T14:58:37.881,5.010,0.100,0.5010
2026-07-31T14:58:38.881,5.000,0.108,0.5400
2026-07-31T14:58:39.881,5.000,0.102,0.5100
2026-07-31T14:58:40.881,5.020,0.103,0.5170
2026-07-31T14:58:41.881,4.990,0.105,0.5240
2026-07-31T14:58:42.881,5.010,0.098,0.4910
2026-07-31T14:58:43.881,5.010,0.094,0.4710
2026-07-31T14:58:44.881,5.000,0.099,0.4950
2026-07-31T14:58:45.880,5.000,0.098,0.4900
2026-07-31T14:58:46.880,5.020,0.096,0.4820
2026-07-31T14:58:47.881,4.990,0.097,0.4840
2026-07-31T14:58:48.881,4.990,0.103,0.5140
2026-07-31T14:58:49.881,4.990,0.100,0.4990
2026-07-31T14:58:50.881,5.000,0.097,0.4850
2026-07-31T14:58:51.881,5.000,0.099,0.4950
2026-07-31T14:58:52.881,5.000,0.108,0.5400
2026-07-31T14:58:53.881,5.000,0.100,0.5000
2026-07-31T14:58:54.881,5.020,0.093,0.4670
2026-07-31T14:58:55.881,5.010,0.100,0.5010
2026-07-31T14:58:56.881,4.990,0.097,0.4840
2026-07-31T14:58:57.881,5.020,0.098,0.4920
2026-07-31T14:58:58.881,5.000,0.103,0.5150
2026-07-31T14:58:59.881,5.010,0.105,0.5260
2026-07-31T14:59:00.880,5.010,0.096,0.4810
2026-07-31T14:59:01.880,5.000,0.102,0.5100
2026-07-31T14:59:02.880,5.000,0.096,0.4800
2026-07-31T14:59:03.881,5.010,0.102,0.5110
2026-07-31T14:59:04.881,4.980,0.097,0.4830
2026-07-31T14:59:05.880,5.000,0.096,0.4800
